path,symbol_kind,name,style
Assets/Editor/MessageBrokerDebugger/MessageBrokerDebuggerWindow.cs,class,MessageBrokerDebuggerWindow,PascalCase
Assets/Editor/MessageBrokerDebugger/MessageBrokerDebuggerWindow.cs,method,Open,PascalCase
Assets/Editor/MessageBrokerDebugger/MessageBrokerDebuggerWindow.cs,method,OnEnable,PascalCase
Assets/Editor/MessageBrokerDebugger/MessageBrokerDebuggerWindow.cs,method,OnDisable,PascalCase
Assets/Editor/MessageBrokerDebugger/MessageBrokerDebuggerWindow.cs,method,OnEditorUpdate,PascalCase
Assets/Editor/MessageBrokerDebugger/MessageBrokerDebuggerWindow.cs,method,RefreshData,PascalCase
Assets/Editor/MessageBrokerDebugger/MessageBrokerDebuggerWindow.cs,method,OnGUI,PascalCase
Assets/Editor/MessageBrokerDebugger/MessageBrokerDebuggerWindow.cs,method,DrawToolbar,PascalCase
Assets/Editor/MessageBrokerDebugger/MessageBrokerDebuggerWindow.cs,method,DrawLeftPanel,PascalCase
Assets/Editor/MessageBrokerDebugger/MessageBrokerDebuggerWindow.cs,method,DrawEventRow,PascalCase
Assets/Editor/MessageBrokerDebugger/MessageBrokerDebuggerWindow.cs,method,DrawDivider,PascalCase
Assets/Editor/MessageBrokerDebugger/MessageBrokerDebuggerWindow.cs,method,DrawRightPanel,PascalCase
Assets/Editor/MessageBrokerDebugger/MessageBrokerDebuggerWindow.cs,method,DrawParametersSection,PascalCase
Assets/Editor/MessageBrokerDebugger/MessageBrokerDebuggerWindow.cs,method,DrawSubscribersSection,PascalCase
Assets/Editor/MessageBrokerDebugger/MessageBrokerDebuggerWindow.cs,method,DrawHistorySection,PascalCase
Assets/Editor/MessageBrokerDebugger/MessageBrokerDebuggerWindow.cs,method,DrawStatusBar,PascalCase
Assets/Editor/MessageBrokerDebugger/MessageBrokerDebuggerWindow.cs,method,GetFilteredSnapshots,PascalCase
Assets/Editor/MessageBrokerDebugger/MessageBrokerDebuggerWindow.cs,private_field,m_LeftScroll,m_prefix
Assets/Editor/MessageBrokerDebugger/MessageBrokerDebuggerWindow.cs,private_field,m_RightScroll,m_prefix
Assets/Editor/MessageBrokerDebugger/MessageBrokerDebuggerWindow.cs,private_field,m_FilterText,m_prefix
Assets/Editor/MessageBrokerDebugger/MessageBrokerDebuggerWindow.cs,private_field,m_AutoRefresh,m_prefix
Assets/Editor/MessageBrokerDebugger/MessageBrokerDebuggerWindow.cs,private_field,m_LastRefreshTime,m_prefix
Assets/Editor/MessageBrokerDebugger/MessageBrokerDebuggerWindow.cs,private_field,m_SelectedBrokerIndex,m_prefix
Assets/Editor/MessageBrokerDebugger/MessageBrokerDebuggerWindow.cs,private_field,m_SelectedEventName,m_prefix
Assets/Editor/MessageBrokerDebugger/MessageBrokerDebuggerWindow.cs,private_field,m_BrokerFoldouts,m_prefix
Assets/Editor/MessageBrokerDebugger/MessageBrokerDebuggerWindow.cs,private_field,m_ExpandedHistoryItems,m_prefix
Assets/Editor/BuildScripts/GitVersionProcessor.cs,class,GitVersionProcessor,PascalCase
Assets/Editor/BuildScripts/GitVersionProcessor.cs,method,OnPreprocessBuild,PascalCase
Assets/Editor/BuildScripts/GitVersionProcessor.cs,method,GetGitVersion,PascalCase
Assets/Editor/BuildScripts/GitVersionProcessor.cs,method,GetBuildNumber,PascalCase
Assets/Editor/BuildScripts/GitVersionProcessor.cs,method,GenerateVersionInfoFile,PascalCase
Assets/Editor/BuildScripts/GitVersionProcessor.cs,public_field,callbackOrder,camelCase
Assets/Demos/FunctionDev/CharacterControllerDemo/PlayerAccelerateCapability.cs,class,PlayerAccelerateCapability,PascalCase
Assets/Demos/FunctionDev/CharacterControllerDemo/PlayerAccelerateCapability.cs,class,PlayerAccelerateOnGroundCapability,PascalCase
Assets/Demos/FunctionDev/CharacterControllerDemo/PlayerAccelerateCapability.cs,class,PlayerAccelerateOnAirCapability,PascalCase
Assets/Demos/FunctionDev/CharacterControllerDemo/PlayerAccelerateCapability.cs,class,PlayerAccelerateWhileOverspeedOnGroundCapability,PascalCase
Assets/Demos/FunctionDev/CharacterControllerDemo/PlayerAccelerateCapability.cs,class,PlayerAccelerateWhileOverspeedOnAirCapability,PascalCase
Assets/Demos/FunctionDev/CharacterControllerDemo/PlayerAccelerateCapability.cs,method,SetUpTickSettings,PascalCase
Assets/Demos/FunctionDev/CharacterControllerDemo/PlayerAccelerateCapability.cs,method,ShouldActivate,PascalCase
Assets/Demos/FunctionDev/CharacterControllerDemo/PlayerAccelerateCapability.cs,method,ShouldDeactivate,PascalCase
Assets/Demos/FunctionDev/CharacterControllerDemo/PlayerAccelerateCapability.cs,method,OnTick,PascalCase
Assets/Demos/FunctionDev/CharacterControllerDemo/BoxCastDebugger.cs,class,BoxCastDebugger,PascalCase
Assets/Demos/FunctionDev/CharacterControllerDemo/BoxCastDebugger.cs,method,Start,PascalCase
Assets/Demos/FunctionDev/CharacterControllerDemo/BoxCastDebugger.cs,method,OnDrawGizmos,PascalCase
Assets/Demos/FunctionDev/CharacterControllerDemo/BoxCastDebugger.cs,method,DrawPlatformGrabChecks,PascalCase
Assets/Demos/FunctionDev/CharacterControllerDemo/BoxCastDebugger.cs,method,DarkenColor,PascalCase
Assets/Demos/FunctionDev/CharacterControllerDemo/BoxCastDebugger.cs,method,DrawGroundCheck,PascalCase
Assets/Demos/FunctionDev/CharacterControllerDemo/BoxCastDebugger.cs,method,DrawCeilingCheck,PascalCase
Assets/Demos/FunctionDev/CharacterControllerDemo/BoxCastDebugger.cs,public_field,playerMovement,camelCase
Assets/Demos/FunctionDev/CharacterControllerDemo/BoxCastDebugger.cs,public_field,playerTransform,camelCase
Assets/Demos/FunctionDev/CharacterControllerDemo/BoxCastDebugger.cs,public_field,topBoxColor,camelCase
Assets/Demos/FunctionDev/CharacterControllerDemo/BoxCastDebugger.cs,public_field,bottomBoxColor,camelCase
Assets/Demos/FunctionDev/CharacterControllerDemo/BoxCastDebugger.cs,public_field,groundCheckColor,camelCase
Assets/Demos/FunctionDev/CharacterControllerDemo/BoxCastDebugger.cs,public_field,ceilingCheckColor,camelCase
Assets/Demos/FunctionDev/CharacterControllerDemo/BoxCastDebugger.cs,public_field,darkenAmount,camelCase
Assets/Demos/FunctionDev/CharacterControllerDemo/BoxCastDebugger.cs,public_field,gizmoAlpha,camelCase
Assets/Demos/FunctionDev/CharacterControllerDemo/PlayerMovementComponent.StateCheck.cs,enum,PlayerMoveState,PascalCase
Assets/Demos/FunctionDev/CharacterControllerDemo/PlayerMovementComponent.StateCheck.cs,class,PlayerMovementComponent,PascalCase
Assets/Demos/FunctionDev/CharacterControllerDemo/PlayerMovementComponent.StateCheck.cs,method,IsOnGroundFast,PascalCase
Assets/Demos/FunctionDev/CharacterControllerDemo/PlayerMovementComponent.StateCheck.cs,method,UpdateOnGroundStatus,PascalCase
Assets/Demos/FunctionDev/CharacterControllerDemo/PlayerMovementComponent.StateCheck.cs,method,IsUnderCeilingFast,PascalCase
Assets/Demos/FunctionDev/CharacterControllerDemo/PlayerMovementComponent.StateCheck.cs,method,UpdateUnderCeilingStatus,PascalCase
Assets/Demos/FunctionDev/CharacterControllerDemo/PlayerMovementComponent.Physics.cs,class,PlayerMovementComponent,PascalCase
Assets/Demos/FunctionDev/CharacterControllerDemo/PlayerGravityCapability.cs,class,PlayerGravityCapability,PascalCase
Assets/Demos/FunctionDev/CharacterControllerDemo/PlayerGravityCapability.cs,class,PlayerClampedFallSpeedCapability,PascalCase
Assets/Demos/FunctionDev/CharacterControllerDemo/PlayerGravityCapability.cs,method,SetUpTickSettings,PascalCase
Assets/Demos/FunctionDev/CharacterControllerDemo/PlayerGravityCapability.cs,method,ShouldActivate,PascalCase
Assets/Demos/FunctionDev/CharacterControllerDemo/PlayerGravityCapability.cs,method,ShouldDeactivate,PascalCase
Assets/Demos/FunctionDev/CharacterControllerDemo/PlayerGravityCapability.cs,method,OnActivate,PascalCase
Assets/Demos/FunctionDev/CharacterControllerDemo/PlayerGravityCapability.cs,method,OnTick,PascalCase
Assets/Demos/FunctionDev/CharacterControllerDemo/PlayerGravityCapability.cs,method,SetUpTickSettings,PascalCase
Assets/Demos/FunctionDev/CharacterControllerDemo/PlayerGravityCapability.cs,method,ShouldActivate,PascalCase
Assets/Demos/FunctionDev/CharacterControllerDemo/PlayerGravityCapability.cs,method,ShouldDeactivate,PascalCase
Assets/Demos/FunctionDev/CharacterControllerDemo/PlayerGravityCapability.cs,method,OnTick,PascalCase
Assets/Demos/FunctionDev/CharacterControllerDemo/PlayerMoveCapability.cs,class,PlayerMoveCapability,PascalCase
Assets/Demos/FunctionDev/CharacterControllerDemo/PlayerMoveCapability.cs,method,OnSetup,PascalCase
Assets/Demos/FunctionDev/CharacterControllerDemo/PlayerMoveCapability.cs,method,SetUpTickSettings,PascalCase
Assets/Demos/FunctionDev/CharacterControllerDemo/PlayerMoveCapability.cs,method,OnActivate,PascalCase
Assets/Demos/FunctionDev/CharacterControllerDemo/PlayerMoveCapability.cs,method,OnDeactivate,PascalCase
Assets/Demos/FunctionDev/CharacterControllerDemo/PlayerMoveCapability.cs,private_field,mPlayerMovementComponent,camelCase
Assets/Demos/FunctionDev/CharacterControllerDemo/PlayerMovementTickOrder.cs,enum,PlayerMovementTickOrder,PascalCase
Assets/Demos/FunctionDev/CharacterControllerDemo/PlayerMovementComponent.Events.cs,class,PlayerMovementComponent,PascalCase
Assets/Demos/FunctionDev/CharacterControllerDemo/PlayerMovementComponent.Events.cs,public_field,OnPlayerStartJumpEvent,PascalCase
Assets/Demos/FunctionDev/CharacterControllerDemo/PlayerMovementComponent.Events.cs,public_field,OnPlayerEndJumpEvent,PascalCase
Assets/Demos/FunctionDev/CharacterControllerDemo/PlayerMovementComponent.Events.cs,public_field,OnPlayerEnterJumpApexEvent,PascalCase
Assets/Demos/FunctionDev/CharacterControllerDemo/PlayerMovementComponent.Events.cs,public_field,OnPlayerLeaveJumpApexEvent,PascalCase
Assets/Demos/FunctionDev/CharacterControllerDemo/PlayerMovementComponent.Events.cs,public_field,OnPlayerStartFreefallEvent,PascalCase
Assets/Demos/FunctionDev/CharacterControllerDemo/PlayerMovementComponent.Events.cs,public_field,OnPlayerLandedEvent,PascalCase
Assets/Demos/FunctionDev/CharacterControllerDemo/PlayerMovementComponent.Events.cs,public_field,OnPlayerLeaveGroundEvent,PascalCase
Assets/Demos/FunctionDev/CharacterControllerDemo/PlayerCollisionCapability.cs,class,PlayerGeometricDepenetrationCapability,PascalCase
Assets/Demos/FunctionDev/CharacterControllerDemo/PlayerCollisionCapability.cs,class,PlayerEdgeSlidingCapability,PascalCase
Assets/Demos/FunctionDev/CharacterControllerDemo/PlayerCollisionCapability.cs,method,SetUpTickSettings,PascalCase
Assets/Demos/FunctionDev/CharacterControllerDemo/PlayerCollisionCapability.cs,method,ShouldActivate,PascalCase
Assets/Demos/FunctionDev/CharacterControllerDemo/PlayerCollisionCapability.cs,method,ShouldDeactivate,PascalCase
Assets/Demos/FunctionDev/CharacterControllerDemo/PlayerCollisionCapability.cs,method,OnTick,PascalCase
Assets/Demos/FunctionDev/CharacterControllerDemo/PlayerCollisionCapability.cs,method,CheckIfOverlapping,PascalCase
Assets/Demos/FunctionDev/CharacterControllerDemo/PlayerCollisionCapability.cs,method,GeometricDepenetration,PascalCase
Assets/Demos/FunctionDev/CharacterControllerDemo/PlayerCollisionCapability.cs,method,OnSetup,PascalCase
Assets/Demos/FunctionDev/CharacterControllerDemo/PlayerCollisionCapability.cs,method,SetUpTickSettings,PascalCase
Assets/Demos/FunctionDev/CharacterControllerDemo/PlayerCollisionCapability.cs,method,ShouldActivate,PascalCase
Assets/Demos/FunctionDev/CharacterControllerDemo/PlayerCollisionCapability.cs,method,ShouldDeactivate,PascalCase
Assets/Demos/FunctionDev/CharacterControllerDemo/PlayerCollisionCapability.cs,method,OnTick,PascalCase
Assets/Demos/FunctionDev/CharacterControllerDemo/PlayerCollisionCapability.cs,method,CollideAndSlide,PascalCase
Assets/Demos/FunctionDev/CharacterControllerDemo/PlayerCollisionCapability.cs,method,CheckCollide,PascalCase
Assets/Demos/FunctionDev/CharacterControllerDemo/PlayerCollisionCapability.cs,method,UpdateDebugger,PascalCase
Assets/Demos/FunctionDev/CharacterControllerDemo/PlayerCollisionCapability.cs,private_field,mHit,camelCase
Assets/Demos/FunctionDev/CharacterControllerDemo/PlayerCollisionCapability.cs,private_field,mUpdateSubscription,camelCase
Assets/Demos/FunctionDev/CharacterControllerDemo/PlayerCollisionCapability.cs,private_field,mCollideAndSlideDebugger,camelCase
Assets/Demos/FunctionDev/CharacterControllerDemo/PlayerCollisionCapability.cs,private_field,mOriginalVelocity,camelCase
Assets/Demos/FunctionDev/CharacterControllerDemo/PlayerCollisionCapability.cs,private_field,mNewVelocity,camelCase
Assets/Demos/FunctionDev/CharacterControllerDemo/PlayerCollisionCapability.cs,public_field,mColliderSkinWidth,camelCase
Assets/Demos/FunctionDev/CharacterControllerDemo/PlayerGroundCheckCapability.cs,class,PlayerGroundCheckCapability,PascalCase
Assets/Demos/FunctionDev/CharacterControllerDemo/PlayerGroundCheckCapability.cs,method,OnSetup,PascalCase
Assets/Demos/FunctionDev/CharacterControllerDemo/PlayerGroundCheckCapability.cs,method,ShouldActivate,PascalCase
Assets/Demos/FunctionDev/CharacterControllerDemo/PlayerGroundCheckCapability.cs,method,ShouldDeactivate,PascalCase
Assets/Demos/FunctionDev/CharacterControllerDemo/PlayerGroundCheckCapability.cs,method,OnActivate,PascalCase
Assets/Demos/FunctionDev/CharacterControllerDemo/PlayerGroundCheckCapability.cs,method,OnDeactivate,PascalCase
Assets/Demos/FunctionDev/CharacterControllerDemo/PlayerGroundCheckCapability.cs,method,OnTick,PascalCase
Assets/Demos/FunctionDev/CharacterControllerDemo/PlayerInverseAccelerateCapability.cs,class,PlayerInverseAccelerateCapability,PascalCase
Assets/Demos/FunctionDev/CharacterControllerDemo/PlayerInverseAccelerateCapability.cs,class,PlayerInverseAccelerateOnGroundCapability,PascalCase
Assets/Demos/FunctionDev/CharacterControllerDemo/PlayerInverseAccelerateCapability.cs,class,PlayerInverseAccelerateOnAirCapability,PascalCase
Assets/Demos/FunctionDev/CharacterControllerDemo/PlayerInverseAccelerateCapability.cs,class,PlayerInverseAccelerateWhileOverspeedOnGroundCapability,PascalCase
Assets/Demos/FunctionDev/CharacterControllerDemo/PlayerInverseAccelerateCapability.cs,class,PlayerInverseAccelerateWhileOverspeedOnAirCapability,PascalCase
Assets/Demos/FunctionDev/CharacterControllerDemo/PlayerInverseAccelerateCapability.cs,method,SetUpTickSettings,PascalCase
Assets/Demos/FunctionDev/CharacterControllerDemo/PlayerInverseAccelerateCapability.cs,method,ShouldActivate,PascalCase
Assets/Demos/FunctionDev/CharacterControllerDemo/PlayerInverseAccelerateCapability.cs,method,ShouldDeactivate,PascalCase
Assets/Demos/FunctionDev/CharacterControllerDemo/PlayerInverseAccelerateCapability.cs,method,OnTick,PascalCase
Assets/Demos/FunctionDev/CharacterControllerDemo/PlayerMovementComponent.Unity.cs,class,PlayerMovementComponent,PascalCase
Assets/Demos/FunctionDev/CharacterControllerDemo/PlayerMovementComponent.Unity.cs,method,OnSetup,PascalCase
Assets/Demos/FunctionDev/CharacterControllerDemo/PlayerMovementComponent.Unity.cs,method,OnRemoved,PascalCase
Assets/Demos/FunctionDev/CharacterControllerDemo/PlayerMovementComponent.Unity.cs,method,OnUpdateGo,PascalCase
Assets/Demos/FunctionDev/CharacterControllerDemo/PlayerMovementComponent.Unity.cs,method,OnCollisionEnter2D,PascalCase
Assets/Demos/FunctionDev/CharacterControllerDemo/PlayerMovementComponent.Unity.cs,method,OnCollisionExit2D,PascalCase
Assets/Demos/FunctionDev/CharacterControllerDemo/PlayerMovementComponent.Unity.cs,method,OnCollisionStay2D,PascalCase
Assets/Demos/FunctionDev/CharacterControllerDemo/PlayerMovementComponent.Unity.cs,method,GetAndSetRigidBody,PascalCase
Assets/Demos/FunctionDev/CharacterControllerDemo/PlayerMovementComponent.Unity.cs,method,GetAndSetCapsuleCollider,PascalCase
Assets/Demos/FunctionDev/CharacterControllerDemo/PlayerMovementComponent.Unity.cs,method,InitializeEvents,PascalCase
Assets/Demos/FunctionDev/CharacterControllerDemo/PlayerMovementComponent.Unity.cs,private_field,mRigidbody,camelCase
Assets/Demos/FunctionDev/CharacterControllerDemo/PlayerMovementComponent.Unity.cs,private_field,mCollider,camelCase
Assets/Demos/FunctionDev/CharacterControllerDemo/PlayerMovementComponent.Unity.cs,private_field,mCollisionEnterSubscription,camelCase
Assets/Demos/FunctionDev/CharacterControllerDemo/PlayerMovementComponent.Unity.cs,private_field,mCollisionExitSubscription,camelCase
Assets/Demos/FunctionDev/CharacterControllerDemo/PlayerMovementComponent.Unity.cs,private_field,mCollisionStaySubscription,camelCase
Assets/Demos/FunctionDev/CharacterControllerDemo/PlayerDeAccelerateCapability.cs,class,PlayerDeAccelerateCapability,PascalCase
Assets/Demos/FunctionDev/CharacterControllerDemo/PlayerDeAccelerateCapability.cs,class,PlayerDeAccelerateOnGroundCapability,PascalCase
Assets/Demos/FunctionDev/CharacterControllerDemo/PlayerDeAccelerateCapability.cs,class,PlayerDeAccelerateOnAirCapability,PascalCase
Assets/Demos/FunctionDev/CharacterControllerDemo/PlayerDeAccelerateCapability.cs,class,PlayerDeAccelerateWhileOverspeedOnGroundCapability,PascalCase
Assets/Demos/FunctionDev/CharacterControllerDemo/PlayerDeAccelerateCapability.cs,class,PlayerDeAccelerateWhileOverspeedOnAirCapability,PascalCase
Assets/Demos/FunctionDev/CharacterControllerDemo/PlayerDeAccelerateCapability.cs,method,SetUpTickSettings,PascalCase
Assets/Demos/FunctionDev/CharacterControllerDemo/PlayerDeAccelerateCapability.cs,method,ShouldActivate,PascalCase
Assets/Demos/FunctionDev/CharacterControllerDemo/PlayerDeAccelerateCapability.cs,method,ShouldDeactivate,PascalCase
Assets/Demos/FunctionDev/CharacterControllerDemo/PlayerDeAccelerateCapability.cs,method,OnTick,PascalCase
Assets/Demos/FunctionDev/CharacterControllerDemo/PlayerJumpCapability.cs,class,PlayerJumpCapabilityBase,PascalCase
Assets/Demos/FunctionDev/CharacterControllerDemo/PlayerJumpCapability.cs,class,PlayerJumpOnGroundCapability,PascalCase
Assets/Demos/FunctionDev/CharacterControllerDemo/PlayerJumpCapability.cs,class,PlayerCoyoteJumpCapability,PascalCase
Assets/Demos/FunctionDev/CharacterControllerDemo/PlayerJumpCapability.cs,class,PlayerJumpApexModifiersCapability,PascalCase
Assets/Demos/FunctionDev/CharacterControllerDemo/PlayerJumpCapability.cs,class,PlayerJumpExtraSpeedCapability,PascalCase
Assets/Demos/FunctionDev/CharacterControllerDemo/PlayerJumpCapability.cs,method,SetUpTickSettings,PascalCase
Assets/Demos/FunctionDev/CharacterControllerDemo/PlayerJumpCapability.cs,method,ShouldActivate,PascalCase
Assets/Demos/FunctionDev/CharacterControllerDemo/PlayerJumpCapability.cs,method,ShouldDeactivate,PascalCase
Assets/Demos/FunctionDev/CharacterControllerDemo/PlayerJumpCapability.cs,method,OnActivate,PascalCase
Assets/Demos/FunctionDev/CharacterControllerDemo/PlayerJumpCapability.cs,method,OnDeactivate,PascalCase
Assets/Demos/FunctionDev/CharacterControllerDemo/PlayerJumpCapability.cs,method,OnTick,PascalCase
Assets/Demos/FunctionDev/CharacterControllerDemo/PlayerJumpCapability.cs,method,ShouldActivateConditions,PascalCase
Assets/Demos/FunctionDev/CharacterControllerDemo/PlayerJumpCapability.cs,method,ShouldDeactivateConditions,PascalCase
Assets/Demos/FunctionDev/CharacterControllerDemo/PlayerJumpCapability.cs,method,ShouldActivateConditions,PascalCase
Assets/Demos/FunctionDev/CharacterControllerDemo/PlayerJumpCapability.cs,method,ShouldDeactivateConditions,PascalCase
Assets/Demos/FunctionDev/CharacterControllerDemo/PlayerJumpCapability.cs,method,SetUpTickSettings,PascalCase
Assets/Demos/FunctionDev/CharacterControllerDemo/PlayerJumpCapability.cs,method,ShouldActivate,PascalCase
Assets/Demos/FunctionDev/CharacterControllerDemo/PlayerJumpCapability.cs,method,ShouldDeactivate,PascalCase
Assets/Demos/FunctionDev/CharacterControllerDemo/PlayerJumpCapability.cs,method,OnActivate,PascalCase
Assets/Demos/FunctionDev/CharacterControllerDemo/PlayerJumpCapability.cs,method,OnDeactivate,PascalCase
Assets/Demos/FunctionDev/CharacterControllerDemo/PlayerJumpCapability.cs,method,OnTick,PascalCase
Assets/Demos/FunctionDev/CharacterControllerDemo/PlayerJumpCapability.cs,method,SimulateGravityEffect,PascalCase
Assets/Demos/FunctionDev/CharacterControllerDemo/PlayerJumpCapability.cs,method,SetUpTickSettings,PascalCase
Assets/Demos/FunctionDev/CharacterControllerDemo/PlayerJumpCapability.cs,method,OnSetup,PascalCase
Assets/Demos/FunctionDev/CharacterControllerDemo/PlayerJumpCapability.cs,method,ShouldActivate,PascalCase
Assets/Demos/FunctionDev/CharacterControllerDemo/PlayerJumpCapability.cs,method,ShouldDeactivate,PascalCase
Assets/Demos/FunctionDev/CharacterControllerDemo/PlayerJumpCapability.cs,method,OnTick,PascalCase
Assets/Demos/FunctionDev/CharacterControllerDemo/PlayerGrabCapability.cs,class,PlayerGrabCapabilityBase,PascalCase
Assets/Demos/FunctionDev/CharacterControllerDemo/PlayerGrabCapability.cs,class,PlayerGrabEnterCapability,PascalCase
Assets/Demos/FunctionDev/CharacterControllerDemo/PlayerGrabCapability.cs,class,PlayerGrabExitCapability,PascalCase
Assets/Demos/FunctionDev/CharacterControllerDemo/PlayerGrabCapability.cs,method,SetUpTickSettings,PascalCase
Assets/Demos/FunctionDev/CharacterControllerDemo/PlayerGrabCapability.cs,method,OnActivate,PascalCase
Assets/Demos/FunctionDev/CharacterControllerDemo/PlayerGrabCapability.cs,method,OnDeactivate,PascalCase
Assets/Demos/FunctionDev/CharacterControllerDemo/PlayerGrabCapability.cs,method,ShouldActivate,PascalCase
Assets/Demos/FunctionDev/CharacterControllerDemo/PlayerGrabCapability.cs,method,ShouldDeactivate,PascalCase
Assets/Demos/FunctionDev/CharacterControllerDemo/PlayerGrabCapability.cs,method,OnTick,PascalCase
Assets/Demos/FunctionDev/CharacterControllerDemo/PlayerGrabCapability.cs,method,ShouldActivate,PascalCase
Assets/Demos/FunctionDev/CharacterControllerDemo/PlayerGrabCapability.cs,method,ShouldDeactivate,PascalCase
Assets/Demos/FunctionDev/CharacterControllerDemo/PlayerGrabCapability.cs,method,OnTick,PascalCase
Assets/Demos/FunctionDev/CharacterControllerDemo/PlayerMovementComponent.PhysicsCast.cs,class,PlayerMovementComponent,PascalCase
Assets/Demos/FunctionDev/CharacterControllerDemo/PlayerMovementComponent.PhysicsCast.cs,method,GrabCheck_Platform,other
Assets/Demos/FunctionDev/CharacterControllerDemo/PlayerMovementComponent.PhysicsCast.cs,method,PlatformGrabCheck_TopBoxCheck,other
Assets/Demos/FunctionDev/CharacterControllerDemo/PlayerMovementComponent.PhysicsCast.cs,method,PlatformGrabCheck_ButtomBoxCheck,other
Assets/Demos/FunctionDev/CharacterControllerDemo/CollideAndSlideDebugger.cs,class,CollideAndSlideDebugger,PascalCase
Assets/Demos/FunctionDev/CharacterControllerDemo/CollideAndSlideDebugger.cs,method,UpdateCapsuleCastInfo,PascalCase
Assets/Demos/FunctionDev/CharacterControllerDemo/CollideAndSlideDebugger.cs,method,OnDrawGizmos,PascalCase
Assets/Demos/FunctionDev/CharacterControllerDemo/CollideAndSlideDebugger.cs,method,DrawCapsule,PascalCase
Assets/Demos/FunctionDev/CharacterControllerDemo/CollideAndSlideDebugger.cs,method,DrawCircle,PascalCase
Assets/Demos/FunctionDev/CharacterControllerDemo/CollideAndSlideDebugger.cs,method,DrawArrow,PascalCase
Assets/Demos/FunctionDev/CharacterControllerDemo/CollideAndSlideDebugger.cs,method,OnGUI,PascalCase
Assets/Demos/FunctionDev/CharacterControllerDemo/CollideAndSlideDebugger.cs,method,GUIStyle,PascalCase
Assets/Demos/FunctionDev/CharacterControllerDemo/CollideAndSlideDebugger.cs,method,GUIStyle,PascalCase
Assets/Demos/FunctionDev/CharacterControllerDemo/CollideAndSlideDebugger.cs,method,GUIStyle,PascalCase
Assets/Demos/FunctionDev/CharacterControllerDemo/CollideAndSlideDebugger.cs,method,GUIStyle,PascalCase
Assets/Demos/FunctionDev/CharacterControllerDemo/CollideAndSlideDebugger.cs,method,GUIStyle,PascalCase
Assets/Demos/FunctionDev/CharacterControllerDemo/CollideAndSlideDebugger.cs,method,GUIStyle,PascalCase
Assets/Demos/FunctionDev/CharacterControllerDemo/CollideAndSlideDebugger.cs,method,GUIStyle,PascalCase
Assets/Demos/FunctionDev/CharacterControllerDemo/CollideAndSlideDebugger.cs,method,GUIStyle,PascalCase
Assets/Demos/FunctionDev/CharacterControllerDemo/CollideAndSlideDebugger.cs,method,GUIStyle,PascalCase
Assets/Demos/FunctionDev/CharacterControllerDemo/CollideAndSlideDebugger.cs,method,GUIStyle,PascalCase
Assets/Demos/FunctionDev/CharacterControllerDemo/CollideAndSlideDebugger.cs,private_field,mCurrentHit,camelCase
Assets/Demos/FunctionDev/CharacterControllerDemo/CollideAndSlideDebugger.cs,private_field,mCastOrigin,camelCase
Assets/Demos/FunctionDev/CharacterControllerDemo/CollideAndSlideDebugger.cs,private_field,mCastDirection,camelCase
Assets/Demos/FunctionDev/CharacterControllerDemo/CollideAndSlideDebugger.cs,private_field,mCastDistance,camelCase
Assets/Demos/FunctionDev/CharacterControllerDemo/CollideAndSlideDebugger.cs,private_field,mCapsuleSize,camelCase
Assets/Demos/FunctionDev/CharacterControllerDemo/CollideAndSlideDebugger.cs,private_field,mCapsuleDirection,camelCase
Assets/Demos/FunctionDev/CharacterControllerDemo/CollideAndSlideDebugger.cs,private_field,mHasHit,camelCase
Assets/Demos/FunctionDev/CharacterControllerDemo/CollideAndSlideDebugger.cs,private_field,mOriginalVelocity,camelCase
Assets/Demos/FunctionDev/CharacterControllerDemo/CollideAndSlideDebugger.cs,private_field,mNewVelocity,camelCase
Assets/Demos/FunctionDev/CharacterControllerDemo/CollideAndSlideDebugger.cs,public_field,ShowCapsuleCast,PascalCase
Assets/Demos/FunctionDev/CharacterControllerDemo/CollideAndSlideDebugger.cs,public_field,ShowHitInfo,PascalCase
Assets/Demos/FunctionDev/CharacterControllerDemo/CollideAndSlideDebugger.cs,public_field,ShowVelocityVectors,PascalCase
Assets/Demos/FunctionDev/CharacterControllerDemo/CollideAndSlideDebugger.cs,public_field,CapsuleCastColor,PascalCase
Assets/Demos/FunctionDev/CharacterControllerDemo/CollideAndSlideDebugger.cs,public_field,HitPointColor,PascalCase
Assets/Demos/FunctionDev/CharacterControllerDemo/CollideAndSlideDebugger.cs,public_field,HitNormalColor,PascalCase
Assets/Demos/FunctionDev/CharacterControllerDemo/CollideAndSlideDebugger.cs,public_field,OriginalVelocityColor,PascalCase
Assets/Demos/FunctionDev/CharacterControllerDemo/CollideAndSlideDebugger.cs,public_field,NewVelocityColor,PascalCase
Assets/Demos/FunctionDev/CharacterControllerDemo/CollideAndSlideDebugger.cs,public_field,ArrowHeadLength,PascalCase
Assets/Demos/FunctionDev/CharacterControllerDemo/CollideAndSlideDebugger.cs,public_field,ArrowHeadAngle,PascalCase
Assets/Demos/FunctionDev/CharacterControllerDemo/PlayerMovementComponent.cs,class,PlayerMovementComponent,PascalCase
Assets/Demos/FunctionDev/FpDemo/FpSample.cs,class,FpDemo,PascalCase
Assets/Demos/FunctionDev/FpDemo/FpSample.cs,class,User,PascalCase
Assets/Demos/FunctionDev/FpDemo/FpSample.cs,class,Config,PascalCase
Assets/Demos/FunctionDev/FpDemo/FpSample.cs,method,Start,PascalCase
Assets/Demos/FunctionDev/FpDemo/FpSample.cs,method,RunAllExamples,PascalCase
Assets/Demos/FunctionDev/FpDemo/FpSample.cs,method,BasicUsageExample,PascalCase
Assets/Demos/FunctionDev/FpDemo/FpSample.cs,method,MappingExample,PascalCase
Assets/Demos/FunctionDev/FpDemo/FpSample.cs,method,BindingExample,PascalCase
Assets/Demos/FunctionDev/FpDemo/FpSample.cs,method,PatternMatchingExample,PascalCase
Assets/Demos/FunctionDev/FpDemo/FpSample.cs,method,ErrorHandlingExample,PascalCase
Assets/Demos/FunctionDev/FpDemo/FpSample.cs,method,Divide,PascalCase
Assets/Demos/FunctionDev/FpDemo/FpSample.cs,method,AsyncExample,PascalCase
Assets/Demos/FunctionDev/FpDemo/FpSample.cs,method,SimulateAsyncOperation,PascalCase
Assets/Demos/FunctionDev/FpDemo/FpSample.cs,method,ExtensionMethodsExample,PascalCase
Assets/Demos/FunctionDev/FpDemo/FpSample.cs,method,UtilityMethodsExample,PascalCase
Assets/Demos/FunctionDev/FpDemo/FpSample.cs,private_field,runExamplesOnStart,camelCase
Assets/Demos/FunctionDev/Sonar/SonarWaveController.cs,class,SonarWaveController,PascalCase
Assets/Demos/FunctionDev/Sonar/SonarWaveController.cs,method,Start,PascalCase
Assets/Demos/FunctionDev/Sonar/SonarWaveController.cs,method,Update,PascalCase
Assets/Demos/FunctionDev/Sonar/SonarWaveController.cs,private_field,m_CurrentRadius,m_prefix
Assets/Demos/FunctionDev/Sonar/SonarWaveController.cs,private_field,m_MainCamera,m_prefix
Assets/Demos/FunctionDev/Sonar/SonarWaveController.cs,public_field,sonarMaterial,camelCase
Assets/Demos/FunctionDev/Sonar/SonarWaveController.cs,public_field,maxRadius,camelCase
Assets/Demos/FunctionDev/Sonar/SonarWaveController.cs,public_field,expansionSpeed,camelCase
Assets/Demos/FunctionDev/Sonar/SonarWaveController.cs,public_field,loopDuration,camelCase
Assets/Rendering/RainRust/RenderFeatures/SonarObstacleFeature.cs,class,SonarObstacleFeature,PascalCase
Assets/Rendering/RainRust/RenderFeatures/SonarObstacleFeature.cs,class,Settings,PascalCase
Assets/Rendering/RainRust/RenderFeatures/SonarObstacleFeature.cs,method,Create,PascalCase
Assets/Rendering/RainRust/RenderFeatures/SonarObstacleFeature.cs,method,AddRenderPasses,PascalCase
Assets/Rendering/RainRust/RenderFeatures/SonarObstacleFeature.cs,method,Dispose,PascalCase
Assets/Rendering/RainRust/RenderFeatures/SonarObstacleFeature.cs,private_field,m_SonarPass,m_prefix
Assets/Rendering/RainRust/RenderFeatures/SonarObstacleFeature.cs,private_field,m_ObstacleMaterial,m_prefix
Assets/Rendering/RainRust/RenderFeatures/SonarObstacleFeature.cs,public_field,obstacleLayerMask,camelCase
Assets/Rendering/RainRust/RenderFeatures/SonarObstacleFeature.cs,public_field,obstacleShader,camelCase
Assets/Rendering/RainRust/RenderFeatures/SonarObstacleFeature.cs,public_field,settings,camelCase
Assets/Rendering/RainRust/RenderFeatures/RainRustLighting.cs,class,RainRustLighting,PascalCase
Assets/Rendering/RainRust/RenderFeatures/RainRustLighting.cs,enum,BlendMode,PascalCase
Assets/Rendering/RainRust/RenderFeatures/RainRustLighting.cs,class,RainRustLightingSettings,PascalCase
Assets/Rendering/RainRust/RenderFeatures/RainRustLighting.cs,method,Create,PascalCase
Assets/Rendering/RainRust/RenderFeatures/RainRustLighting.cs,method,AddRenderPasses,PascalCase
Assets/Rendering/RainRust/RenderFeatures/RainRustLighting.cs,method,Dispose,PascalCase
Assets/Rendering/RainRust/RenderFeatures/RainRustLighting.cs,method,OnValidate,PascalCase
Assets/Rendering/RainRust/RenderFeatures/RainRustLighting.cs,private_field,m_RainRustDrawObjectsPass,m_prefix
Assets/Rendering/RainRust/RenderFeatures/RainRustLighting.cs,private_field,m_UnpremultiplyPass,m_prefix
Assets/Rendering/RainRust/RenderFeatures/RainRustLighting.cs,private_field,m_JfaInitPass,m_prefix
Assets/Rendering/RainRust/RenderFeatures/RainRustLighting.cs,private_field,m_JfaPass,m_prefix
Assets/Rendering/RainRust/RenderFeatures/RainRustLighting.cs,private_field,m_DistancePass,m_prefix
Assets/Rendering/RainRust/RenderFeatures/RainRustLighting.cs,private_field,m_RainRustRayTracingPass,m_prefix
Assets/Rendering/RainRust/RenderFeatures/RainRustLighting.cs,private_field,m_RainRustRenderingPass,m_prefix
Assets/Rendering/RainRust/RenderFeatures/RainRustLighting.cs,public_field,injectionPoint,camelCase
Assets/Rendering/RainRust/RenderFeatures/RainRustLighting.cs,public_field,lightSourcesLayerMask,camelCase
Assets/Rendering/RainRust/RenderFeatures/RainRustLighting.cs,public_field,receiversLayerMask,camelCase
Assets/Rendering/RainRust/RenderFeatures/RainRustLighting.cs,public_field,receiverBlendMode,camelCase
Assets/Rendering/RainRust/RenderFeatures/RainRustLighting.cs,public_field,lightingBlendMode,camelCase
Assets/Rendering/RainRust/RenderFeatures/RainRustLighting.cs,public_field,jfaInitShader,camelCase
Assets/Rendering/RainRust/RenderFeatures/RainRustLighting.cs,public_field,jfaShader,camelCase
Assets/Rendering/RainRust/RenderFeatures/RainRustLighting.cs,public_field,distanceShader,camelCase
Assets/Rendering/RainRust/RenderFeatures/RainRustLighting.cs,public_field,unpremultiplyShader,camelCase
Assets/Rendering/RainRust/RenderFeatures/RainRustLighting.cs,public_field,rayTracingShader,camelCase
Assets/Rendering/RainRust/RenderFeatures/RainRustLighting.cs,public_field,compositionShader,camelCase
Assets/Rendering/RainRust/RenderFeatures/RainRustLighting.cs,public_field,blitShader,camelCase
Assets/Rendering/RainRust/RenderFeatures/RainRustLighting.cs,public_field,settings,camelCase
Assets/Rendering/RainRust/Volume/RainRustVolume.cs,class,RainRustVolume,PascalCase
Assets/Rendering/RainRust/Volume/RainRustVolume.cs,enum,RainRustNoiseMode,PascalCase
Assets/Rendering/RainRust/Volume/RainRustVolume.cs,enum,RainRustNoiseType,PascalCase
Assets/Rendering/RainRust/Volume/RainRustVolume.cs,enum,RainRustAlphaMode,PascalCase
Assets/Rendering/RainRust/Volume/RainRustVolume.cs,enum,RainRustDebugMode,PascalCase
Assets/Rendering/RainRust/Volume/RainRustVolume.cs,public_field,isEnabled,camelCase
Assets/Rendering/RainRust/Volume/RainRustVolume.cs,public_field,noiseMode,camelCase
Assets/Rendering/RainRust/Volume/RainRustVolume.cs,public_field,noiseType,camelCase
Assets/Rendering/RainRust/Volume/RainRustVolume.cs,public_field,alphaMode,camelCase
Assets/Rendering/RainRust/Volume/RainRustVolume.cs,public_field,noiseTexture,camelCase
Assets/Rendering/RainRust/Volume/RainRustVolume.cs,public_field,noiseTilingOffset,camelCase
Assets/Rendering/RainRust/Volume/RainRustVolume.cs,public_field,noiseVelocity,camelCase
Assets/Rendering/RainRust/Volume/RainRustVolume.cs,public_field,noiseScale,camelCase
Assets/Rendering/RainRust/Volume/RainRustVolume.cs,public_field,noiseIntensity,camelCase
Assets/Rendering/RainRust/Volume/RainRustVolume.cs,public_field,resolutionScalar,camelCase
Assets/Rendering/RainRust/Volume/RainRustVolume.cs,public_field,lightSamples,camelCase
Assets/Rendering/RainRust/Volume/RainRustVolume.cs,public_field,lightIntensity,camelCase
Assets/Rendering/RainRust/Volume/RainRustVolume.cs,public_field,lightFalloffAlpha,camelCase
Assets/Rendering/RainRust/Volume/RainRustVolume.cs,public_field,lightFalloffGamma,camelCase
Assets/Rendering/RainRust/Volume/RainRustVolume.cs,public_field,lightHitThreshold,camelCase
Assets/Rendering/RainRust/Volume/RainRustVolume.cs,public_field,ambientColor,camelCase
Assets/Rendering/RainRust/Volume/RainRustVolume.cs,public_field,debugMode,camelCase
Assets/Rendering/RainRust/Volume/RainRustVolume.cs,public_field,debugPixelUV,camelCase
Assets/Rendering/RainRust/RenderPasses/SonarObstaclePass.cs,class,SonarObstaclePass,PascalCase
Assets/Rendering/RainRust/RenderPasses/SonarObstaclePass.cs,class,PassData,PascalCase
Assets/Rendering/RainRust/RenderPasses/SonarObstaclePass.cs,class,GlobalSetData,PascalCase
Assets/Rendering/RainRust/RenderPasses/SonarObstaclePass.cs,method,SonarObstaclePass,PascalCase
Assets/Rendering/RainRust/RenderPasses/SonarObstaclePass.cs,method,RecordRenderGraph,PascalCase
Assets/Rendering/RainRust/RenderPasses/SonarObstaclePass.cs,private_field,m_ObstacleLayerMask,m_prefix
Assets/Rendering/RainRust/RenderPasses/SonarObstaclePass.cs,private_field,m_ObstacleMaterial,m_prefix
Assets/Rendering/RainRust/RenderPasses/SonarObstaclePass.cs,public_field,obstacleRendererList,camelCase
Assets/Rendering/RainRust/RenderPasses/SonarObstaclePass.cs,public_field,obstacleMask,camelCase
Assets/Rendering/RainRust/RenderPasses/SonarObstaclePass.cs,public_field,obstacleMask,camelCase
Assets/Rendering/RainRust/RenderPasses/RainRustContextData.cs,class,TextureHandlePingPong,PascalCase
Assets/Rendering/RainRust/RenderPasses/RainRustContextData.cs,class,RainRustContextData,PascalCase
Assets/Rendering/RainRust/RenderPasses/RainRustContextData.cs,method,TextureHandlePingPong,PascalCase
Assets/Rendering/RainRust/RenderPasses/RainRustContextData.cs,method,Reset,PascalCase
Assets/Rendering/RainRust/RenderPasses/RainRustContextData.cs,private_field,odd,camelCase
Assets/Rendering/RainRust/RenderPasses/RainRustContextData.cs,private_field,even,camelCase
Assets/Rendering/RainRust/RenderPasses/RainRustContextData.cs,public_field,mainRt,camelCase
Assets/Rendering/RainRust/RenderPasses/RainRustContextData.cs,public_field,mainDepthRt,camelCase
Assets/Rendering/RainRust/RenderPasses/RainRustContextData.cs,public_field,receiverRt,camelCase
Assets/Rendering/RainRust/RenderPasses/RainRustContextData.cs,public_field,jfaRt,camelCase
Assets/Rendering/RainRust/RenderPasses/RainRustContextData.cs,public_field,finalJfaRt,camelCase
Assets/Rendering/RainRust/RenderPasses/RainRustContextData.cs,public_field,distanceRt,camelCase
Assets/Rendering/RainRust/RenderPasses/RainRustContextData.cs,public_field,lightingRt,camelCase
Assets/Rendering/RainRust/RenderPasses/RainRustJfaInitPass.cs,class,RainRustJfaInitPass,PascalCase
Assets/Rendering/RainRust/RenderPasses/RainRustJfaInitPass.cs,class,PassData,PascalCase
Assets/Rendering/RainRust/RenderPasses/RainRustJfaInitPass.cs,method,RainRustJfaInitPass,PascalCase
Assets/Rendering/RainRust/RenderPasses/RainRustJfaInitPass.cs,method,Setup,PascalCase
Assets/Rendering/RainRust/RenderPasses/RainRustJfaInitPass.cs,method,RecordRenderGraph,PascalCase
Assets/Rendering/RainRust/RenderPasses/RainRustJfaInitPass.cs,method,Dispose,PascalCase
Assets/Rendering/RainRust/RenderPasses/RainRustJfaInitPass.cs,private_field,m_JfaInitMaterial,m_prefix
Assets/Rendering/RainRust/RenderPasses/RainRustJfaInitPass.cs,public_field,src,camelCase
Assets/Rendering/RainRust/RenderPasses/RainRustRenderingPass.cs,class,RainRustRenderingPass,PascalCase
Assets/Rendering/RainRust/RenderPasses/RainRustRenderingPass.cs,class,RainRustRenderingPassData,PascalCase
Assets/Rendering/RainRust/RenderPasses/RainRustRenderingPass.cs,method,RainRustRenderingPass,PascalCase
Assets/Rendering/RainRust/RenderPasses/RainRustRenderingPass.cs,method,Setup,PascalCase
Assets/Rendering/RainRust/RenderPasses/RainRustRenderingPass.cs,method,RecordRenderGraph,PascalCase
Assets/Rendering/RainRust/RenderPasses/RainRustRenderingPass.cs,method,Dispose,PascalCase
Assets/Rendering/RainRust/RenderPasses/RainRustRenderingPass.cs,private_field,m_RenderingMaterial,m_prefix
Assets/Rendering/RainRust/RenderPasses/RainRustRenderingPass.cs,private_field,m_BlitMaterial,m_prefix
Assets/Rendering/RainRust/RenderPasses/RainRustRenderingPass.cs,public_field,material,camelCase
Assets/Rendering/RainRust/RenderPasses/RainRustRenderingPass.cs,public_field,lightingRt,camelCase
Assets/Rendering/RainRust/RenderPasses/RainRustRenderingPass.cs,public_field,receiverRt,camelCase
Assets/Rendering/RainRust/RenderPasses/RainRustRenderingPass.cs,public_field,receiverDepthRt,camelCase
Assets/Rendering/RainRust/RenderPasses/RainRustRenderingPass.cs,public_field,cameraColor,camelCase
Assets/Rendering/RainRust/RenderPasses/RainRustJfaPass.cs,class,RainRustJfaPass,PascalCase
Assets/Rendering/RainRust/RenderPasses/RainRustJfaPass.cs,class,PassData,PascalCase
Assets/Rendering/RainRust/RenderPasses/RainRustJfaPass.cs,method,RainRustJfaPass,PascalCase
Assets/Rendering/RainRust/RenderPasses/RainRustJfaPass.cs,method,Setup,PascalCase
Assets/Rendering/RainRust/RenderPasses/RainRustJfaPass.cs,method,RecordRenderGraph,PascalCase
Assets/Rendering/RainRust/RenderPasses/RainRustJfaPass.cs,method,EnsureMaterials,PascalCase
Assets/Rendering/RainRust/RenderPasses/RainRustJfaPass.cs,method,Dispose,PascalCase
Assets/Rendering/RainRust/RenderPasses/RainRustJfaPass.cs,private_field,m_JfaMaterials,m_prefix
Assets/Rendering/RainRust/RenderPasses/RainRustJfaPass.cs,private_field,m_Shader,m_prefix
Assets/Rendering/RainRust/RenderPasses/RainRustJfaPass.cs,public_field,material,camelCase
Assets/Rendering/RainRust/RenderPasses/RainRustJfaPass.cs,public_field,source,camelCase
Assets/Rendering/RainRust/RenderPasses/RainRustJfaPass.cs,public_field,stepSize,camelCase
Assets/Rendering/RainRust/RenderPasses/RainRustJfaPass.cs,public_field,aspect,camelCase
Assets/Rendering/RainRust/RenderPasses/RainRustRayTracingPass.cs,class,RainRustRayTracingPass,PascalCase
Assets/Rendering/RainRust/RenderPasses/RainRustRayTracingPass.cs,class,RainRustRayTracingPassData,PascalCase
Assets/Rendering/RainRust/RenderPasses/RainRustRayTracingPass.cs,method,RainRustRayTracingPass,PascalCase
Assets/Rendering/RainRust/RenderPasses/RainRustRayTracingPass.cs,method,Setup,PascalCase
Assets/Rendering/RainRust/RenderPasses/RainRustRayTracingPass.cs,method,RecordRenderGraph,PascalCase
Assets/Rendering/RainRust/RenderPasses/RainRustRayTracingPass.cs,private_field,m_RayTracingMaterial,m_prefix
Assets/Rendering/RainRust/RenderPasses/RainRustRayTracingPass.cs,private_field,material,camelCase
Assets/Rendering/RainRust/RenderPasses/RainRustRayTracingPass.cs,private_field,mainRtHandle,camelCase
Assets/Rendering/RainRust/RenderPasses/RainRustRayTracingPass.cs,private_field,distanceRtHandle,camelCase
Assets/Rendering/RainRust/RenderPasses/RainRustRayTracingPass.cs,private_field,lightingRtHandle,camelCase
Assets/Rendering/RainRust/RenderPasses/RainRustRayTracingPass.cs,private_field,noiseTextureHandle,camelCase
Assets/Rendering/RainRust/RenderPasses/RainRustRayTracingPass.cs,private_field,aspect,camelCase
Assets/Rendering/RainRust/RenderPasses/RainRustRayTracingPass.cs,private_field,noiseTilingOffset,camelCase
Assets/Rendering/RainRust/RenderPasses/RainRustRayTracingPass.cs,private_field,rayCount,camelCase
Assets/Rendering/RainRust/RenderPasses/RainRustRayTracingPass.cs,private_field,intensity,camelCase
Assets/Rendering/RainRust/RenderPasses/RainRustRayTracingPass.cs,private_field,power,camelCase
Assets/Rendering/RainRust/RenderPasses/RainRustDistancePass.cs,class,RainRustDistancePass,PascalCase
Assets/Rendering/RainRust/RenderPasses/RainRustDistancePass.cs,class,RainRustDistancePassData,PascalCase
Assets/Rendering/RainRust/RenderPasses/RainRustDistancePass.cs,method,RainRustDistancePass,PascalCase
Assets/Rendering/RainRust/RenderPasses/RainRustDistancePass.cs,method,Setup,PascalCase
Assets/Rendering/RainRust/RenderPasses/RainRustDistancePass.cs,method,RecordRenderGraph,PascalCase
Assets/Rendering/RainRust/RenderPasses/RainRustDistancePass.cs,private_field,m_DistanceMaterial,m_prefix
Assets/Rendering/RainRust/RenderPasses/RainRustDistancePass.cs,public_field,material,camelCase
Assets/Rendering/RainRust/RenderPasses/RainRustDistancePass.cs,public_field,jfaTex,camelCase
Assets/Rendering/RainRust/RenderPasses/RainRustDistancePass.cs,public_field,offset,camelCase
Assets/Rendering/RainRust/RenderPasses/RainRustDistancePass.cs,public_field,aspect,camelCase
Assets/Rendering/RainRust/RenderPasses/RainRustUnpremultiplyPass.cs,class,RainRustUnpremultiplyPass,PascalCase
Assets/Rendering/RainRust/RenderPasses/RainRustUnpremultiplyPass.cs,method,RainRustUnpremultiplyPass,PascalCase
Assets/Rendering/RainRust/RenderPasses/RainRustUnpremultiplyPass.cs,method,Setup,PascalCase
Assets/Rendering/RainRust/RenderPasses/RainRustUnpremultiplyPass.cs,method,RecordRenderGraph,PascalCase
Assets/Rendering/RainRust/RenderPasses/RainRustUnpremultiplyPass.cs,method,Dispose,PascalCase
Assets/Rendering/RainRust/RenderPasses/RainRustUnpremultiplyPass.cs,private_field,m_UnpremultiplyMaterial,m_prefix
Assets/Rendering/RainRust/RenderPasses/RainRustDrawObjectsPass.cs,class,RainRustDrawObjectsPass,PascalCase
Assets/Rendering/RainRust/RenderPasses/RainRustDrawObjectsPass.cs,class,RainRustDrawObjectsPassData,PascalCase
Assets/Rendering/RainRust/RenderPasses/RainRustDrawObjectsPass.cs,class,RainRustRenderSettings,PascalCase
Assets/Rendering/RainRust/RenderPasses/RainRustDrawObjectsPass.cs,method,RainRustDrawObjectsPass,PascalCase
Assets/Rendering/RainRust/RenderPasses/RainRustDrawObjectsPass.cs,method,Setup,PascalCase
Assets/Rendering/RainRust/RenderPasses/RainRustDrawObjectsPass.cs,method,RecordRenderGraph,PascalCase
Assets/Rendering/RainRust/RenderPasses/RainRustDrawObjectsPass.cs,method,InitRendererLists,PascalCase
Assets/Rendering/RainRust/RenderPasses/RainRustDrawObjectsPass.cs,method,InitDrawObjectsPassData,PascalCase
Assets/Rendering/RainRust/RenderPasses/RainRustDrawObjectsPass.cs,method,SetupKeywordsAndParameters,PascalCase
Assets/Rendering/RainRust/RenderPasses/RainRustDrawObjectsPass.cs,method,CreateRenderTextureHandles,PascalCase
Assets/Rendering/RainRust/RenderPasses/RainRustDrawObjectsPass.cs,method,ExecutePass,PascalCase
Assets/Rendering/RainRust/RenderPasses/RainRustDrawObjectsPass.cs,private_field,m_CurrentRrSettings,m_prefix
Assets/Rendering/RainRust/RenderPasses/RainRustDrawObjectsPass.cs,public_field,cameraData,camelCase
Assets/Rendering/RainRust/RenderPasses/RainRustDrawObjectsPass.cs,public_field,renderingData,camelCase
Assets/Rendering/RainRust/RenderPasses/RainRustDrawObjectsPass.cs,public_field,lightData,camelCase
Assets/Rendering/RainRust/RenderPasses/RainRustDrawObjectsPass.cs,public_field,resourceData,camelCase
Assets/Rendering/RainRust/RenderPasses/RainRustDrawObjectsPass.cs,public_field,rrMainRt,camelCase
Assets/Rendering/RainRust/RenderPasses/RainRustDrawObjectsPass.cs,public_field,rrMainDepthRt,camelCase
Assets/Rendering/RainRust/RenderPasses/RainRustDrawObjectsPass.cs,public_field,rrScaledDepthRt,camelCase
Assets/Rendering/RainRust/RenderPasses/RainRustDrawObjectsPass.cs,public_field,rrReceiverRt,camelCase
Assets/Rendering/RainRust/RenderPasses/RainRustDrawObjectsPass.cs,public_field,lightSourcesRendererList,camelCase
Assets/Rendering/RainRust/RenderPasses/RainRustDrawObjectsPass.cs,public_field,receiversRendererList,camelCase
Assets/GameMain/Scripts/Editor/Tools/RecursiveMaterialSetter.cs,class,RecursiveMaterialSetter,PascalCase
Assets/GameMain/Scripts/Editor/Tools/RecursiveMaterialSetter.cs,method,OpenWindow,PascalCase
Assets/GameMain/Scripts/Editor/Tools/RecursiveMaterialSetter.cs,method,ApplyMaterials,PascalCase
Assets/GameMain/Scripts/Editor/Tools/RecursiveMaterialSetter.cs,method,ApplyLayers,PascalCase
Assets/GameMain/Scripts/Editor/Tools/RecursiveMaterialSetter.cs,public_field,targetRoot,camelCase
Assets/GameMain/Scripts/Editor/Tools/RecursiveMaterialSetter.cs,public_field,targetMaterial,camelCase
Assets/GameMain/Scripts/Editor/Events/GameEditorTest/GmEditorTestEvents.cs,class,GameEditorTestEvents,PascalCase
Assets/GameMain/Scripts/Editor/Events/GameEditorTest/GmEditorTestEvents.cs,struct,GETE_PlayCoin,other
Assets/GameMain/Scripts/Editor/Events/GameEditorTest/GmEditorTestEvents.cs,struct,GETE_PlayExplosion,other
Assets/GameMain/Scripts/Editor/Events/GameEditorTest/GmEditorTestEvents.cs,struct,GETE_PlayJump,other
Assets/GameMain/Scripts/Editor/Events/GameEditorTest/GmEditorTestEvents.cs,struct,GETE_PlayBgm,other
Assets/GameMain/Scripts/Editor/Events/GameEditorTest/GmEditorTestEvents.cs,struct,GETE_StopBgm,other
Assets/GameMain/Scripts/Editor/Level/LDtkPostProcessor/LDtkChapterBackgroundProcessor.cs,class,LDtkChapterBackgroundProcessor,PascalCase
Assets/GameMain/Scripts/Editor/Level/LDtkPostProcessor/LDtkChapterBackgroundProcessor.cs,method,OnPostprocessLevel,PascalCase
Assets/GameMain/Scripts/Editor/Level/LDtkPostProcessor/LDtkChapterBackgroundProcessor.cs,method,OnPostprocessProject,PascalCase
Assets/GameMain/Scripts/Editor/Level/LDtkPostProcessor/LDtkChapterBackgroundProcessor.cs,method,SetupBackgroundForChapter,PascalCase
Assets/GameMain/Scripts/Editor/Level/LDtkPostProcessor/LDtkChapterBackgroundProcessor.cs,private_field,m_BackgroundsPath,m_prefix
Assets/GameMain/Scripts/Editor/Level/LDtkPostProcessor/LDtkChapterBackgroundProcessor.cs,private_field,m_BlurMaterialPath,m_prefix
Assets/GameMain/Scripts/Editor/Level/LDtkPostProcessor/LDtkLevelRoomProcessor.cs,class,LDtkRoomProcessor,PascalCase
Assets/GameMain/Scripts/Editor/Level/LDtkPostProcessor/LDtkLevelRoomProcessor.cs,class,RoomContext,PascalCase
Assets/GameMain/Scripts/Editor/Level/LDtkPostProcessor/LDtkLevelRoomProcessor.cs,method,RoomContext,PascalCase
Assets/GameMain/Scripts/Editor/Level/LDtkPostProcessor/LDtkLevelRoomProcessor.cs,method,ApplyCameraModeFields,PascalCase
Assets/GameMain/Scripts/Editor/Level/LDtkPostProcessor/LDtkLevelRoomProcessor.cs,method,CreateVirtualCamera,PascalCase
Assets/GameMain/Scripts/Editor/Level/LDtkPostProcessor/LDtkLevelRoomProcessor.cs,method,ApplyCameraCommonSettings,PascalCase
Assets/GameMain/Scripts/Editor/Level/LDtkPostProcessor/LDtkLevelRoomProcessor.cs,method,ApplyCameraFollow,PascalCase
Assets/GameMain/Scripts/Editor/Level/LDtkPostProcessor/LDtkLevelRoomProcessor.cs,method,ApplyFixedCameraSettings,PascalCase
Assets/GameMain/Scripts/Editor/Level/LDtkPostProcessor/LDtkLevelRoomProcessor.cs,method,ApplyConfinerSettings,PascalCase
Assets/GameMain/Scripts/Editor/Level/LDtkPostProcessor/LDtkLevelRoomProcessor.cs,method,AddLevelBoundsTrigger,PascalCase
Assets/GameMain/Scripts/Editor/Level/LDtkPostProcessor/LDtkLevelRoomProcessor.cs,method,ApplyLayerTagSettings,PascalCase
Assets/GameMain/Scripts/Editor/Level/LDtkPostProcessor/LDtkLevelRoomProcessor.cs,public_field,Level,PascalCase
Assets/GameMain/Scripts/Editor/Level/LDtkPostProcessor/LDtkLevelRoomProcessor.cs,public_field,Room,PascalCase
Assets/GameMain/Scripts/Editor/Level/LDtkPostProcessor/LDtkLevelRoomProcessor.cs,public_field,VCam,PascalCase
Assets/GameMain/Scripts/Editor/Level/LDtkPostProcessor/LDtkAutoEntityProcessor.cs,class,LDtkAutoEntityProcessor,PascalCase
Assets/GameMain/Scripts/Editor/Level/LDtkPostProcessor/LDtkAutoEntityProcessor.cs,method,OnPostprocessLevel,PascalCase
Assets/GameMain/Scripts/Editor/Level/LDtkPostProcessor/LDtkAutoEntityProcessor.cs,method,SetInstanceTransform,PascalCase
Assets/GameMain/Scripts/Editor/Level/LDtkPostProcessor/LDtkAutoEntityProcessor.cs,method,GetOrCreateRuntimeContainer,PascalCase
Assets/GameMain/Scripts/Editor/Level/LDtkPostProcessor/LDtkAutoEntityProcessor.cs,method,FindEntityPrefab,PascalCase
Assets/GameMain/Scripts/Editor/Level/LDtkPostProcessor/LDtkAutoEntityProcessor.cs,method,InjectLDtkFields,PascalCase
Assets/GameMain/Scripts/Editor/Level/LDtkPostProcessor/LDtkAutoEntityProcessor.cs,method,GetValueFromLDtk,PascalCase
Assets/GameMain/Scripts/Editor/Level/LDtkPostProcessor/LDtkAutoEntityProcessor.cs,method,GetArrayValue,PascalCase
Assets/GameMain/Scripts/Editor/Level/LDtkPostProcessor/LDtkMaterialSetProcessor.cs,class,LDtkMaterialSetProcessor,PascalCase
Assets/GameMain/Scripts/Editor/Level/LDtkPostProcessor/LDtkMaterialSetProcessor.cs,method,OnPostprocessLevel,PascalCase
Assets/GameMain/Scripts/Editor/Level/LDtkPostProcessor/LDtkIdentifiersProcessor.cs,class,LDtkIdentifiersProcessor,PascalCase
Assets/GameMain/Scripts/Editor/Level/LDtkPostProcessor/LDtkIdentifiersProcessor.cs,class,LDtkIdentifiers,PascalCase
Assets/GameMain/Scripts/Editor/Level/LDtkPostProcessor/LDtkIdentifiersProcessor.cs,enum,in,camelCase
Assets/GameMain/Scripts/Editor/Level/LDtkPostProcessor/LDtkIdentifiersProcessor.cs,enum,in,camelCase
Assets/GameMain/Scripts/Editor/Level/LDtkPostProcessor/LDtkIdentifiersProcessor.cs,method,OnPostprocessProject,PascalCase
Assets/GameMain/Scripts/Editor/Level/LDtkPostProcessor/LDtkIdentifiersProcessor.cs,method,GenerateIdentifiersFile,PascalCase
Assets/GameMain/Scripts/Editor/Level/LDtkPostProcessor/LDtkVolumGenProcessor.cs,class,LDtkVolumeGenProcessor,PascalCase
Assets/GameMain/Scripts/Editor/Level/LDtkPostProcessor/LDtkVolumGenProcessor.cs,method,OnPostprocessLevel,PascalCase
Assets/GameMain/Scripts/Editor/Level/LDtkPostProcessor/LDtkLevelNeighborProcessor.cs,class,LDtkLevelNeighborProcessor,PascalCase
Assets/GameMain/Scripts/Editor/Level/LDtkPostProcessor/LDtkLevelNeighborProcessor.cs,method,OnPostprocessProject,PascalCase
Assets/GameMain/Scripts/Editor/Level/LDtkPostProcessor/LDtkLayerProcessor.cs,class,LDtkLayerProcessor,PascalCase
Assets/GameMain/Scripts/Editor/Level/LDtkPostProcessor/LDtkLayerProcessor.cs,method,OnPostprocessLevel,PascalCase
Assets/GameMain/Scripts/RunTime/UI/PauseMenuController.cs,class,PauseMenuController,PascalCase
Assets/GameMain/Scripts/RunTime/UI/PauseMenuController.cs,method,Awake,PascalCase
Assets/GameMain/Scripts/RunTime/UI/PauseMenuController.cs,method,Start,PascalCase
Assets/GameMain/Scripts/RunTime/UI/PauseMenuController.cs,method,Update,PascalCase
Assets/GameMain/Scripts/RunTime/UI/PauseMenuController.cs,method,SetPaused,PascalCase
Assets/GameMain/Scripts/RunTime/UI/PauseMenuController.cs,method,ShowScreen,PascalCase
Assets/GameMain/Scripts/RunTime/UI/PauseMenuController.cs,method,OpenSaveScreen,PascalCase
Assets/GameMain/Scripts/RunTime/UI/PauseMenuController.cs,method,OpenLoadScreen,PascalCase
Assets/GameMain/Scripts/RunTime/UI/PauseMenuController.cs,method,RefreshSlotsUI,PascalCase
Assets/GameMain/Scripts/RunTime/UI/PauseMenuController.cs,method,OnSlotSelected,PascalCase
Assets/GameMain/Scripts/RunTime/UI/PauseMenuController.cs,method,OnCreateNewSlotClicked,PascalCase
Assets/GameMain/Scripts/RunTime/UI/PauseMenuController.cs,method,OpenRenamePopup,PascalCase
Assets/GameMain/Scripts/RunTime/UI/PauseMenuController.cs,method,OnRenameConfirmClicked,PascalCase
Assets/GameMain/Scripts/RunTime/UI/PauseMenuController.cs,method,OnQuitToMenu,PascalCase
Assets/GameMain/Scripts/RunTime/UI/PauseMenuController.cs,private_field,m_Document,m_prefix
Assets/GameMain/Scripts/RunTime/UI/PauseMenuController.cs,private_field,m_RootContainer,m_prefix
Assets/GameMain/Scripts/RunTime/UI/PauseMenuController.cs,private_field,m_PauseMenuScreen,m_prefix
Assets/GameMain/Scripts/RunTime/UI/PauseMenuController.cs,private_field,m_SaveSlotScreen,m_prefix
Assets/GameMain/Scripts/RunTime/UI/PauseMenuController.cs,private_field,m_SettingsScreen,m_prefix
Assets/GameMain/Scripts/RunTime/UI/PauseMenuController.cs,private_field,m_ResumeButton,m_prefix
Assets/GameMain/Scripts/RunTime/UI/PauseMenuController.cs,private_field,m_SaveGameButton,m_prefix
Assets/GameMain/Scripts/RunTime/UI/PauseMenuController.cs,private_field,m_LoadGameButton,m_prefix
Assets/GameMain/Scripts/RunTime/UI/PauseMenuController.cs,private_field,m_SettingsButton,m_prefix
Assets/GameMain/Scripts/RunTime/UI/PauseMenuController.cs,private_field,m_MainMenuButton,m_prefix
Assets/GameMain/Scripts/RunTime/UI/PauseMenuController.cs,private_field,m_CreateNewSlotButton,m_prefix
Assets/GameMain/Scripts/RunTime/UI/PauseMenuController.cs,private_field,m_SlotContainer,m_prefix
Assets/GameMain/Scripts/RunTime/UI/PauseMenuController.cs,private_field,m_BackFromSaveButton,m_prefix
Assets/GameMain/Scripts/RunTime/UI/PauseMenuController.cs,private_field,m_SlotScreenTitle,m_prefix
Assets/GameMain/Scripts/RunTime/UI/PauseMenuController.cs,private_field,m_RenameOverlay,m_prefix
Assets/GameMain/Scripts/RunTime/UI/PauseMenuController.cs,private_field,m_RenameTextField,m_prefix
Assets/GameMain/Scripts/RunTime/UI/PauseMenuController.cs,private_field,m_RenameConfirmButton,m_prefix
Assets/GameMain/Scripts/RunTime/UI/PauseMenuController.cs,private_field,m_RenameCancelButton,m_prefix
Assets/GameMain/Scripts/RunTime/UI/PauseMenuController.cs,private_field,m_SlotToRename,m_prefix
Assets/GameMain/Scripts/RunTime/UI/PauseMenuController.cs,private_field,m_IsSaveMode,m_prefix
Assets/GameMain/Scripts/RunTime/UI/PauseMenuController.cs,private_field,m_IsPaused,m_prefix
Assets/GameMain/Scripts/RunTime/UI/MainMenuController.cs,class,MainMenuController,PascalCase
Assets/GameMain/Scripts/RunTime/UI/MainMenuController.cs,method,OnEnable,PascalCase
Assets/GameMain/Scripts/RunTime/UI/MainMenuController.cs,method,ShowScreen,PascalCase
Assets/GameMain/Scripts/RunTime/UI/MainMenuController.cs,method,RefreshSlotsUI,PascalCase
Assets/GameMain/Scripts/RunTime/UI/MainMenuController.cs,method,OnStartNewGameClicked,PascalCase
Assets/GameMain/Scripts/RunTime/UI/MainMenuController.cs,method,OnContinueClicked,PascalCase
Assets/GameMain/Scripts/RunTime/UI/MainMenuController.cs,method,OnCreateNewSlotClicked,PascalCase
Assets/GameMain/Scripts/RunTime/UI/MainMenuController.cs,method,ContinueGameOnSlot,PascalCase
Assets/GameMain/Scripts/RunTime/UI/MainMenuController.cs,method,OpenRenamePopup,PascalCase
Assets/GameMain/Scripts/RunTime/UI/MainMenuController.cs,method,OnRenameConfirmClicked,PascalCase
Assets/GameMain/Scripts/RunTime/UI/MainMenuController.cs,method,OnQuitClicked,PascalCase
Assets/GameMain/Scripts/RunTime/UI/MainMenuController.cs,private_field,_document,other
Assets/GameMain/Scripts/RunTime/UI/MainMenuController.cs,private_field,_mainMenuScreen,other
Assets/GameMain/Scripts/RunTime/UI/MainMenuController.cs,private_field,_saveSlotScreen,other
Assets/GameMain/Scripts/RunTime/UI/MainMenuController.cs,private_field,_settingsScreen,other
Assets/GameMain/Scripts/RunTime/UI/MainMenuController.cs,private_field,_startNewGameButton,other
Assets/GameMain/Scripts/RunTime/UI/MainMenuController.cs,private_field,_continueButton,other
Assets/GameMain/Scripts/RunTime/UI/MainMenuController.cs,private_field,_settingsButton,other
Assets/GameMain/Scripts/RunTime/UI/MainMenuController.cs,private_field,_quitButton,other
Assets/GameMain/Scripts/RunTime/UI/MainMenuController.cs,private_field,_createNewSlotButton,other
Assets/GameMain/Scripts/RunTime/UI/MainMenuController.cs,private_field,_slotContainer,other
Assets/GameMain/Scripts/RunTime/UI/MainMenuController.cs,private_field,_backFromSaveButton,other
Assets/GameMain/Scripts/RunTime/UI/MainMenuController.cs,private_field,_renameOverlay,other
Assets/GameMain/Scripts/RunTime/UI/MainMenuController.cs,private_field,_renameTextField,other
Assets/GameMain/Scripts/RunTime/UI/MainMenuController.cs,private_field,_renameConfirmButton,other
Assets/GameMain/Scripts/RunTime/UI/MainMenuController.cs,private_field,_renameCancelButton,other
Assets/GameMain/Scripts/RunTime/UI/MainMenuController.cs,private_field,_slotToRename,other
Assets/GameMain/Scripts/RunTime/UI/MainMenuController.cs,private_field,_isNewGameMode,other
Assets/GameMain/Scripts/RunTime/DebugUI/DebugUIManager.cs,class,DebugUIManager,PascalCase
Assets/GameMain/Scripts/RunTime/DebugUI/DebugUIManager.cs,method,OnEnable,PascalCase
Assets/GameMain/Scripts/RunTime/DebugUI/DebugUIManager.cs,method,Update,PascalCase
Assets/GameMain/Scripts/RunTime/DebugUI/DebugUIManager.cs,method,Log,PascalCase
Assets/GameMain/Scripts/RunTime/DebugUI/DebugUIManager.cs,method,OnGUI,PascalCase
Assets/GameMain/Scripts/RunTime/DebugUI/DebugUIManager.cs,method,UpdateStyles,PascalCase
Assets/GameMain/Scripts/RunTime/DebugUI/DebugUIManager.cs,method,OnDestroy,PascalCase
Assets/GameMain/Scripts/RunTime/DebugUI/DebugUIManager.cs,private_field,m_OrderedKeys,m_prefix
Assets/GameMain/Scripts/RunTime/DebugUI/DebugUIManager.cs,private_field,m_BoxStyle,m_prefix
Assets/GameMain/Scripts/RunTime/DebugUI/DebugUIManager.cs,private_field,m_LabelStyle,m_prefix
Assets/GameMain/Scripts/RunTime/DebugUI/DebugUIManager.cs,private_field,m_BackgroundTexture,m_prefix
Assets/GameMain/Scripts/RunTime/DebugUI/DebugUIManager.cs,private_field,m_DeltaTime,m_prefix
Assets/GameMain/Scripts/RunTime/DebugUI/DebugUIManager.cs,public_field,m_ShowFPS,m_prefix
Assets/GameMain/Scripts/RunTime/DebugUI/DebugUIManager.cs,public_field,m_BackgroundColor,m_prefix
Assets/GameMain/Scripts/RunTime/DebugUI/DebugUIManager.cs,public_field,m_TextColor,m_prefix
Assets/GameMain/Scripts/RunTime/DebugUI/DebugUIManager.cs,public_field,m_FontSize,m_prefix
Assets/GameMain/Scripts/RunTime/DebugUI/DebugUIManager.cs,public_field,m_FontStyle,m_prefix
Assets/GameMain/Scripts/RunTime/DebugUI/DebugUIManager.cs,public_field,m_Padding,m_prefix
Assets/GameMain/Scripts/RunTime/DebugUI/DebugUIManager.cs,public_field,m_MinWidth,m_prefix
Assets/GameMain/Scripts/RunTime/DebugUI/DebugUIManager.cs,public_field,m_Spacing,m_prefix
Assets/GameMain/Scripts/RunTime/AudioEntries/AudioEntryChapterBgm.cs,class,AudioEntryChapterBgm,PascalCase
Assets/GameMain/Scripts/RunTime/GameMain/GameMain.cs,class,GameMain,PascalCase
Assets/GameMain/Scripts/RunTime/GameMain/GameMain.cs,method,TryGetPlayer,PascalCase
Assets/GameMain/Scripts/RunTime/GameMain/GameMain.cs,method,SetPlayerFeetPosition,PascalCase
Assets/GameMain/Scripts/RunTime/InitInvoker/FastLevelTestInvoker.cs,class,FastLevelTestInvoker,PascalCase
Assets/GameMain/Scripts/RunTime/InitInvoker/FastLevelTestInvoker.cs,method,Start,PascalCase
Assets/GameMain/Scripts/RunTime/InitInvoker/FastLevelTestInvoker.cs,public_field,ManualLevel,PascalCase
Assets/GameMain/Scripts/RunTime/InitInvoker/FastLevelTestInvoker.cs,public_field,bySavePoint,camelCase
Assets/GameMain/Scripts/RunTime/InitInvoker/FastLevelTestInvoker.cs,public_field,savePointName,camelCase
Assets/GameMain/Scripts/RunTime/InitInvoker/FastLevelTestInvoker.cs,public_field,levelId,camelCase
Assets/GameMain/Scripts/RunTime/InitInvoker/FastLevelTestInvoker.cs,public_field,chapterId,camelCase
Assets/GameMain/Scripts/RunTime/ConsoleUtils/ConsoleCommands.Level.cs,class,LevelConsoleCommands,PascalCase
Assets/GameMain/Scripts/RunTime/ConsoleUtils/ConsoleCommands.Level.cs,method,StartLevel,PascalCase
Assets/GameMain/Scripts/RunTime/ConsoleUtils/ConsoleCommands.Level.cs,method,StartLevelById,PascalCase
Assets/GameMain/Scripts/RunTime/ConsoleUtils/ConsoleCommands.Level.cs,method,LoadLevel,PascalCase
Assets/GameMain/Scripts/RunTime/ConsoleUtils/ConsoleCommands.Level.cs,method,EndLevel,PascalCase
Assets/GameMain/Scripts/RunTime/ConsoleUtils/InvokeEvent.cs,class,ConsoleCommands,PascalCase
Assets/GameMain/Scripts/RunTime/ConsoleUtils/InvokeEvent.cs,method,InvokeEvent,PascalCase
Assets/GameMain/Scripts/RunTime/GameCoreSystems/Splash/PlayerDeathSplasher.cs,class,PlayerDeathSplasher,PascalCase
Assets/GameMain/Scripts/RunTime/GameCoreSystems/Splash/PlayerDeathSplasher.cs,method,CoverAsync,PascalCase
Assets/GameMain/Scripts/RunTime/GameCoreSystems/Splash/PlayerDeathSplasher.cs,method,RevealAsync,PascalCase
Assets/GameMain/Scripts/RunTime/GameCoreSystems/Splash/PlayerDeathSplasher.cs,method,UpdateCenter,PascalCase
Assets/GameMain/Scripts/RunTime/GameCoreSystems/Splash/PlayerDeathSplasher.cs,method,ComputeMaxRadius,PascalCase
Assets/GameMain/Scripts/RunTime/GameCoreSystems/Splash/PlayerDeathSplasher.cs,private_field,m_CircleWipe,m_prefix
Assets/GameMain/Scripts/RunTime/GameCoreSystems/Splash/PlayerDeathSplasher.cs,private_field,m_CoverDuration,m_prefix
Assets/GameMain/Scripts/RunTime/GameCoreSystems/Splash/PlayerDeathSplasher.cs,private_field,m_CoverEase,m_prefix
Assets/GameMain/Scripts/RunTime/GameCoreSystems/Splash/PlayerDeathSplasher.cs,private_field,m_RevealDuration,m_prefix
Assets/GameMain/Scripts/RunTime/GameCoreSystems/Splash/PlayerDeathSplasher.cs,private_field,m_RevealEase,m_prefix
Assets/GameMain/Scripts/RunTime/GameCoreSystems/Splash/PlayerDeathSplasher.cs,private_field,m_CenterUV,m_prefix
Assets/GameMain/Scripts/RunTime/GameCoreSystems/LevelManager/PlayerManager.cs,interface,IPlayer,PascalCase
Assets/GameMain/Scripts/RunTime/GameCoreSystems/LevelManager/PlayerManager.cs,class,PlayerManager,PascalCase
Assets/GameMain/Scripts/RunTime/GameCoreSystems/LevelManager/PlayerManager.cs,method,SpawnPlayer,PascalCase
Assets/GameMain/Scripts/RunTime/GameCoreSystems/LevelManager/PlayerManager.cs,method,DespawnPlayer,PascalCase
Assets/GameMain/Scripts/RunTime/GameCoreSystems/LevelManager/PlayerManager.cs,method,CreatePlayer,PascalCase
Assets/GameMain/Scripts/RunTime/GameCoreSystems/LevelManager/PlayerManager.cs,private_field,m_Player,m_prefix
Assets/GameMain/Scripts/RunTime/GameCoreSystems/LevelManager/PlayerManager.cs,public_field,SystemName,PascalCase
Assets/GameMain/Scripts/RunTime/GameCoreSystems/LevelManager/LevelManager.cs,class,LevelManager,PascalCase
Assets/GameMain/Scripts/RunTime/GameCoreSystems/LevelManager/LevelManager.cs,class,LevelLoadInfo,PascalCase
Assets/GameMain/Scripts/RunTime/GameCoreSystems/LevelManager/LevelManager.cs,method,RegisterHooks,PascalCase
Assets/GameMain/Scripts/RunTime/GameCoreSystems/LevelManager/LevelManager.cs,method,RecordLastSavePoint,PascalCase
Assets/GameMain/Scripts/RunTime/GameCoreSystems/LevelManager/LevelManager.cs,method,OnBeforeWriteSave,PascalCase
Assets/GameMain/Scripts/RunTime/GameCoreSystems/LevelManager/LevelManager.cs,method,StartLevel,PascalCase
Assets/GameMain/Scripts/RunTime/GameCoreSystems/LevelManager/LevelManager.cs,method,StartLevelInternal,PascalCase
Assets/GameMain/Scripts/RunTime/GameCoreSystems/LevelManager/LevelManager.cs,method,UpdateDebugUI,PascalCase
Assets/GameMain/Scripts/RunTime/GameCoreSystems/LevelManager/LevelManager.cs,method,EndLevel,PascalCase
Assets/GameMain/Scripts/RunTime/GameCoreSystems/LevelManager/LevelManager.cs,method,InitLevelManager,PascalCase
Assets/GameMain/Scripts/RunTime/GameCoreSystems/LevelManager/LevelManager.cs,method,BuildSpatialIndex,PascalCase
Assets/GameMain/Scripts/RunTime/GameCoreSystems/LevelManager/LevelManager.cs,method,GetLevelInfoFromSavePointName,PascalCase
Assets/GameMain/Scripts/RunTime/GameCoreSystems/LevelManager/LevelManager.cs,method,GetLevelInfoFromChapterAndLevelId,PascalCase
Assets/GameMain/Scripts/RunTime/GameCoreSystems/LevelManager/LevelManager.cs,method,SetUpWithSavePoint,PascalCase
Assets/GameMain/Scripts/RunTime/GameCoreSystems/LevelManager/LevelManager.cs,method,SetUp,PascalCase
Assets/GameMain/Scripts/RunTime/GameCoreSystems/LevelManager/LevelManager.cs,method,GetChapter,PascalCase
Assets/GameMain/Scripts/RunTime/GameCoreSystems/LevelManager/LevelManager.cs,method,GetLevel,PascalCase
Assets/GameMain/Scripts/RunTime/GameCoreSystems/LevelManager/LevelManager.cs,method,SwitchLevel,PascalCase
Assets/GameMain/Scripts/RunTime/GameCoreSystems/LevelManager/LevelManager.cs,method,ActivateRoom,PascalCase
Assets/GameMain/Scripts/RunTime/GameCoreSystems/LevelManager/LevelManager.cs,method,CullRooms,PascalCase
Assets/GameMain/Scripts/RunTime/GameCoreSystems/LevelManager/LevelManager.cs,private_field,m_CurrentMaxPriority,m_prefix
Assets/GameMain/Scripts/RunTime/GameCoreSystems/LevelManager/LevelManager.cs,private_field,m_LastSwitchFrame,m_prefix
Assets/GameMain/Scripts/RunTime/GameCoreSystems/LevelManager/LevelManager.cs,private_field,m_PlayerManager,m_prefix
Assets/GameMain/Scripts/RunTime/GameCoreSystems/LevelManager/LevelManager.cs,private_field,m_CurrentRoom,m_prefix
Assets/GameMain/Scripts/RunTime/GameCoreSystems/LevelManager/LevelManager.cs,private_field,m_CurrentLevel,m_prefix
Assets/GameMain/Scripts/RunTime/GameCoreSystems/LevelManager/LevelManager.cs,private_field,m_CurrentWorld,m_prefix
Assets/GameMain/Scripts/RunTime/GameCoreSystems/LevelManager/LevelManager.cs,private_field,m_LdtkProject,m_prefix
Assets/GameMain/Scripts/RunTime/GameCoreSystems/LevelManager/LevelManager.cs,private_field,m_LastSavePointName,m_prefix
Assets/GameMain/Scripts/RunTime/GameCoreSystems/LevelManager/LevelManager.cs,private_field,m_Disposables,m_prefix
Assets/GameMain/Scripts/RunTime/GameCoreSystems/LevelManager/LevelManager.cs,public_field,ChapterId,PascalCase
Assets/GameMain/Scripts/RunTime/GameCoreSystems/LevelManager/LevelManager.cs,public_field,LevelId,PascalCase
Assets/GameMain/Scripts/RunTime/GameCoreSystems/LevelManager/LevelManager.cs,public_field,SavePointName,PascalCase
Assets/GameMain/Scripts/RunTime/GameCoreSystems/LevelManager/LevelManager.cs,public_field,SavePointNickName,PascalCase
Assets/GameMain/Scripts/RunTime/GameCoreSystems/LevelManager/LevelManager.cs,public_field,SpawnPosition,PascalCase
Assets/GameMain/Scripts/RunTime/GameCoreSystems/LevelManager/LevelManager.cs,public_field,SystemName,PascalCase
Assets/GameMain/Scripts/RunTime/GameCoreSystems/LevelManager/LevelManager.cs,public_field,Dependencies,PascalCase
Assets/GameMain/Scripts/RunTime/GameCoreSystems/LevelManager/LDtkIdentifiers.cs,class,LDtkIdentifiers,PascalCase
Assets/GameMain/Scripts/RunTime/GameCoreSystems/LevelManager/RuntimeEntityRegistry.cs,class,RuntimeEntityRegistry,PascalCase
Assets/GameMain/Scripts/RunTime/GameCoreSystems/LevelManager/RuntimeEntityRegistry.cs,method,Register,PascalCase
Assets/GameMain/Scripts/RunTime/GameCoreSystems/LevelManager/RuntimeEntityRegistry.cs,method,GetEntity,PascalCase
Assets/GameMain/Scripts/RunTime/GameCoreSystems/LevelManager/RuntimeEntityRegistry.cs,method,Clear,PascalCase
Assets/GameMain/Scripts/RunTime/GameCoreSystems/LevelManager/LevelBoundsTrigger.cs,class,LevelBoundsTrigger,PascalCase
Assets/GameMain/Scripts/RunTime/GameCoreSystems/LevelManager/LevelBoundsTrigger.cs,method,OnTriggerEnter2D,PascalCase
Assets/GameMain/Scripts/RunTime/GameCoreSystems/LevelManager/LevelBoundsTrigger.cs,method,OnTriggerStay2D,PascalCase
Assets/GameMain/Scripts/RunTime/GameCoreSystems/LevelManager/LevelBoundsTrigger.cs,method,CheckLevelSwitch,PascalCase
Assets/GameMain/Scripts/RunTime/GameCoreSystems/LevelManager/LevelBoundsTrigger.cs,method,PlayerIsInLevelBounds,PascalCase
Assets/GameMain/Scripts/RunTime/GameCoreSystems/LevelManager/LevelRoom.cs,class,LevelRoom,PascalCase
Assets/GameMain/Scripts/RunTime/GameCoreSystems/LevelManager/LevelRoom.cs,method,DeActivate,PascalCase
Assets/GameMain/Scripts/RunTime/GameCoreSystems/LevelManager/LevelRoom.cs,method,Activate,PascalCase
Assets/GameMain/Scripts/RunTime/GameCoreSystems/LevelManager/LevelRoom.cs,private_field,_cameraMode,other
Assets/GameMain/Scripts/RunTime/GameCoreSystems/LevelManager/LevelRoom.cs,private_field,_borderBounds,other
Assets/GameMain/Scripts/RunTime/GameCoreSystems/LevelManager/LevelRoom.cs,private_field,_virtualCamera,other
Assets/GameMain/Scripts/RunTime/GameCoreSystems/LevelManager/LevelRoom.cs,private_field,_neighbors,other
Assets/GameMain/Scripts/RunTime/GameCoreSystems/LevelManager/LevelRoom.cs,public_field,Neighbors,PascalCase
Assets/GameMain/Scripts/RunTime/GameCoreSystems/LevelManager/LevelStateRegistry.cs,class,LevelStateRegistry,PascalCase
Assets/GameMain/Scripts/RunTime/GameCoreSystems/LevelManager/LevelStateRegistry.cs,class,Entry,PascalCase
Assets/GameMain/Scripts/RunTime/GameCoreSystems/LevelManager/LevelStateRegistry.cs,method,EnsureInstance,PascalCase
Assets/GameMain/Scripts/RunTime/GameCoreSystems/LevelManager/LevelStateRegistry.cs,method,Awake,PascalCase
Assets/GameMain/Scripts/RunTime/GameCoreSystems/LevelManager/LevelStateRegistry.cs,method,OnDestroy,PascalCase
Assets/GameMain/Scripts/RunTime/GameCoreSystems/LevelManager/LevelStateRegistry.cs,method,Register,PascalCase
Assets/GameMain/Scripts/RunTime/GameCoreSystems/LevelManager/LevelStateRegistry.cs,method,Unregister,PascalCase
Assets/GameMain/Scripts/RunTime/GameCoreSystems/LevelManager/LevelStateRegistry.cs,method,OnBeforeWrite,PascalCase
Assets/GameMain/Scripts/RunTime/GameCoreSystems/LevelManager/LevelStateRegistry.cs,method,OnLoadSave,PascalCase
Assets/GameMain/Scripts/RunTime/GameCoreSystems/LevelManager/LevelStateRegistry.cs,method,Entry,PascalCase
Assets/GameMain/Scripts/RunTime/GameCoreSystems/LevelManager/LevelStateRegistry.cs,private_field,m_Disposables,m_prefix
Assets/GameMain/Scripts/RunTime/Events/PlayerControl/PlayerControlEvents.cs,class,PlayerControlEvents,PascalCase
Assets/GameMain/Scripts/RunTime/Events/PlayerControl/PlayerControlEvents.cs,struct,PlayerStartJumpEvent,PascalCase
Assets/GameMain/Scripts/RunTime/Events/BeeManager/BeeManagerEvents.cs,class,BeeManagerEvents,PascalCase
Assets/GameMain/Scripts/RunTime/Events/BeeManager/BeeManagerEvents.cs,struct,BeeAddEvents,PascalCase
Assets/GameMain/Scripts/RunTime/Events/BeeManager/BeeManagerEvents.cs,struct,BeeRemoveEvents,PascalCase
Assets/GameMain/Scripts/RunTime/Events/BeeManager/BeeManagerEvents.cs,method,BeeAddEvents,PascalCase
Assets/GameMain/Scripts/RunTime/Events/BeeManager/BeeManagerEvents.cs,method,BeeRemoveEvents,PascalCase
Assets/GameMain/Scripts/RunTime/Events/BeeManager/BeeManagerEvents.cs,public_field,Bee,PascalCase
Assets/GameMain/Scripts/RunTime/Events/BeeManager/BeeManagerEvents.cs,public_field,Bee,PascalCase
Assets/GameMain/Scripts/RunTime/Events/LevelManager/LevelManagerEvents.cs,class,LevelManagerEvents,PascalCase
Assets/GameMain/Scripts/RunTime/Events/LevelManager/LevelManagerEvents.cs,enum,LevelSwitchDirection,PascalCase
Assets/GameMain/Scripts/RunTime/Events/LevelManager/LevelManagerEvents.cs,struct,LevelManagerPreEnterChapterEvent,PascalCase
Assets/GameMain/Scripts/RunTime/Events/LevelManager/LevelManagerEvents.cs,struct,LevelManagerPostEnterChapterEvent,PascalCase
Assets/GameMain/Scripts/RunTime/Events/LevelManager/LevelManagerEvents.cs,struct,LevelManagerPreExitChapterEvent,PascalCase
Assets/GameMain/Scripts/RunTime/Events/LevelManager/LevelManagerEvents.cs,struct,LevelManagerPostExitChapterEvent,PascalCase
Assets/GameMain/Scripts/RunTime/Events/LevelManager/LevelManagerEvents.cs,struct,LevelManagerLevelSwitchedEvent,PascalCase
Assets/GameMain/Scripts/RunTime/Events/SuperText/SuperTextEvents.cs,class,SuperTextEvents,PascalCase
Assets/GameMain/Scripts/RunTime/Events/SuperText/SuperTextEvents.cs,struct,TextRevealCompletedEvent,PascalCase
Assets/GameMain/Scripts/RunTime/Events/SuperText/SuperTextEvents.cs,struct,CharacterRevealedEvent,PascalCase
Assets/GameMain/Scripts/RunTime/Events/SuperText/SuperTextEvents.cs,method,CharacterRevealedEvent,PascalCase
Assets/GameMain/Scripts/RunTime/Events/GamePlay/PlatformGame/GamePlayMatEvents.cs,class,GamePlayMatEvents,PascalCase
Assets/GameMain/Scripts/RunTime/Events/GamePlay/PlatformGame/GamePlayMatEvents.cs,struct,MatPassDoorEvent,PascalCase
Assets/GameMain/Scripts/RunTime/Events/GamePlay/PlatformGame/GamePlayMatEvents.cs,struct,MatChangeCheckPointEvent,PascalCase
Assets/GameMain/Scripts/RunTime/Events/GamePlay/PlatformGame/GamePlayMatEvents.cs,struct,MatReCheckPointEvent,PascalCase
Assets/GameMain/Scripts/RunTime/Events/GamePlay/PlatformGame/GamePlayMatEvents.cs,struct,MatPlayerDeathEvent,PascalCase
Assets/GameMain/Scripts/RunTime/Events/GamePlay/PlatformGame/GamePlayMatEvents.cs,struct,MatPlayerPassDoorEvent,PascalCase
Assets/GameMain/Scripts/RunTime/Events/GamePlay/PlatformGame/GamePlayMatEvents.cs,method,MatChangeCheckPointEvent,PascalCase
Assets/GameMain/Scripts/RunTime/Events/GamePlay/PlatformGame/GamePlayMatEvents.cs,method,MatReCheckPointEvent,PascalCase
Assets/GameMain/Scripts/RunTime/Events/GamePlay/PlatformGame/GamePlayMatEvents.cs,public_field,CheckTransform,PascalCase
Assets/GameMain/Scripts/RunTime/Events/GamePlay/PlatformGame/GamePlayMatEvents.cs,public_field,CheckTransform,PascalCase
Assets/GameMain/Scripts/RunTime/Events/GamePlay/SnakeGame/GamePlaySnakeGameEvents.cs,class,GamePlaySnakeGameEvents,PascalCase
Assets/GameMain/Scripts/RunTime/Events/GamePlay/SnakeGame/GamePlaySnakeGameEvents.cs,struct,SnakeDeathEvent,PascalCase
Assets/GameMain/Scripts/RunTime/Events/GamePlay/SnakeGame/GamePlaySnakeGameEvents.cs,struct,SnakeSaveEvent,PascalCase
Assets/GameMain/Scripts/RunTime/Events/GamePlay/SnakeGame/GamePlaySnakeGameEvents.cs,struct,SnakeCheckPointEvent,PascalCase
Assets/GameMain/Scripts/RunTime/Events/GamePlay/SnakeGame/GamePlaySnakeGameEvents.cs,struct,HoneyCollectedEvent,PascalCase
Assets/GameMain/Scripts/RunTime/Events/GamePlay/SnakeGame/GamePlaySnakeGameEvents.cs,struct,HoneyResetEvent,PascalCase
Assets/GameMain/Scripts/RunTime/Events/GamePlay/SnakeGame/GamePlaySnakeGameEvents.cs,method,SnakeCheckPointEvent,PascalCase
Assets/GameMain/Scripts/RunTime/Events/GamePlay/SnakeGame/GamePlaySnakeGameEvents.cs,public_field,Honey,PascalCase
Assets/GameMain/Scripts/RunTime/Events/GamePlay/SnakeGame/GamePlaySnakeGameEvents.cs,public_field,Honey,PascalCase
Assets/GameMain/Scripts/RunTime/Commands/GameFlow/GameFlowCommands.cs,class,GameFlowCommands,PascalCase
Assets/GameMain/Scripts/RunTime/Commands/GameFlow/GameFlowCommands.cs,class,BackToMenuCommand,PascalCase
Assets/GameMain/Scripts/RunTime/Commands/GameFlow/GameFlowCommands.cs,class,StartGameCommand,PascalCase
Assets/GameMain/Scripts/RunTime/Commands/GameFlow/GameFlowCommands.cs,method,Execute,PascalCase
Assets/GameMain/Scripts/RunTime/Commands/GameFlow/GameFlowCommands.cs,method,StartGameCommand,PascalCase
Assets/GameMain/Scripts/RunTime/Commands/GameFlow/GameFlowCommands.cs,method,Execute,PascalCase
Assets/GameMain/Scripts/RunTime/Commands/GameFlow/GameFlowCommands.cs,private_field,m_ChapterId,m_prefix
Assets/GameMain/Scripts/RunTime/Commands/GameFlow/GameFlowCommands.cs,private_field,m_LevelId,m_prefix
Assets/GameMain/Scripts/RunTime/Commands/GameFlow/GameFlowCommands.cs,private_field,m_SpawnPointIndex,m_prefix
Assets/GameMain/Scripts/RunTime/Commands/GameFlow/GameFlowCommands.cs,private_field,m_SavePointName,m_prefix
Assets/GameMain/Scripts/RunTime/Commands/GameFlow/GameFlowCommands.cs,public_field,CommandName,PascalCase
Assets/GameMain/Scripts/RunTime/Commands/GameFlow/GameFlowCommands.cs,public_field,CommandName,PascalCase
Assets/GameMain/Scripts/RunTime/Commands/InitInvoker/InitInvokerCommands.cs,class,InitInvokerCommands,PascalCase
Assets/GameMain/Scripts/RunTime/Commands/InitInvoker/InitInvokerCommands.cs,class,FastLevelTestCommand,PascalCase
Assets/GameMain/Scripts/RunTime/Commands/InitInvoker/InitInvokerCommands.cs,class,ManualFastLevelTestBySavePointCommand,PascalCase
Assets/GameMain/Scripts/RunTime/Commands/InitInvoker/InitInvokerCommands.cs,class,ManualFastLevelTestCommand,PascalCase
Assets/GameMain/Scripts/RunTime/Commands/InitInvoker/InitInvokerCommands.cs,class,FastLevelTestHelper,PascalCase
Assets/GameMain/Scripts/RunTime/Commands/InitInvoker/InitInvokerCommands.cs,method,FastLevelTestCommand,PascalCase
Assets/GameMain/Scripts/RunTime/Commands/InitInvoker/InitInvokerCommands.cs,method,Execute,PascalCase
Assets/GameMain/Scripts/RunTime/Commands/InitInvoker/InitInvokerCommands.cs,method,ManualFastLevelTestBySavePointCommand,PascalCase
Assets/GameMain/Scripts/RunTime/Commands/InitInvoker/InitInvokerCommands.cs,method,Execute,PascalCase
Assets/GameMain/Scripts/RunTime/Commands/InitInvoker/InitInvokerCommands.cs,method,ManualFastLevelTestCommand,PascalCase
Assets/GameMain/Scripts/RunTime/Commands/InitInvoker/InitInvokerCommands.cs,method,ManualFastLevelTestCommand,PascalCase
Assets/GameMain/Scripts/RunTime/Commands/InitInvoker/InitInvokerCommands.cs,method,Execute,PascalCase
Assets/GameMain/Scripts/RunTime/Commands/InitInvoker/InitInvokerCommands.cs,method,FindLevelByPosition,PascalCase
Assets/GameMain/Scripts/RunTime/Commands/InitInvoker/InitInvokerCommands.cs,private_field,m_TestPosition,m_prefix
Assets/GameMain/Scripts/RunTime/Commands/InitInvoker/InitInvokerCommands.cs,private_field,m_SavePointName,m_prefix
Assets/GameMain/Scripts/RunTime/Commands/InitInvoker/InitInvokerCommands.cs,private_field,m_TestPosition,m_prefix
Assets/GameMain/Scripts/RunTime/Commands/InitInvoker/InitInvokerCommands.cs,private_field,m_ChapterId,m_prefix
Assets/GameMain/Scripts/RunTime/Commands/InitInvoker/InitInvokerCommands.cs,private_field,m_LevelId,m_prefix
Assets/GameMain/Scripts/RunTime/Commands/LevelManager/LevelManagerCommands.cs,class,LevelManagerCommands,PascalCase
Assets/GameMain/Scripts/RunTime/Commands/LevelManager/LevelManagerCommands.cs,class,LoadLevelCommand,PascalCase
Assets/GameMain/Scripts/RunTime/Commands/LevelManager/LevelManagerCommands.cs,class,StartLevelCommand,PascalCase
Assets/GameMain/Scripts/RunTime/Commands/LevelManager/LevelManagerCommands.cs,class,EndLevelCommand,PascalCase
Assets/GameMain/Scripts/RunTime/Commands/LevelManager/LevelManagerCommands.cs,method,LoadLevelCommand,PascalCase
Assets/GameMain/Scripts/RunTime/Commands/LevelManager/LevelManagerCommands.cs,method,Execute,PascalCase
Assets/GameMain/Scripts/RunTime/Commands/LevelManager/LevelManagerCommands.cs,method,StartLevelCommand,PascalCase
Assets/GameMain/Scripts/RunTime/Commands/LevelManager/LevelManagerCommands.cs,method,Execute,PascalCase
Assets/GameMain/Scripts/RunTime/Commands/LevelManager/LevelManagerCommands.cs,method,Execute,PascalCase
Assets/GameMain/Scripts/RunTime/Commands/LevelManager/LevelManagerCommands.cs,private_field,m_ChapterId,m_prefix
Assets/GameMain/Scripts/RunTime/Commands/LevelManager/LevelManagerCommands.cs,private_field,m_LevelId,m_prefix
Assets/GameMain/Scripts/RunTime/Commands/LevelManager/LevelManagerCommands.cs,private_field,m_SavePointName,m_prefix
Assets/GameMain/Scripts/RunTime/Commands/LevelManager/LevelManagerCommands.cs,public_field,CommandName,PascalCase
Assets/GameMain/Scripts/RunTime/GamePlay/PlayerControl/PlayerStMachineDash.cs,class,PlayerStMachineDash,PascalCase
Assets/GameMain/Scripts/RunTime/GamePlay/PlayerControl/PlayerStMachineDash.cs,method,SetUpTickSettings,PascalCase
Assets/GameMain/Scripts/RunTime/GamePlay/PlayerControl/PlayerStMachineDash.cs,method,ShouldActivate,PascalCase
Assets/GameMain/Scripts/RunTime/GamePlay/PlayerControl/PlayerStMachineDash.cs,method,OnActivate,PascalCase
Assets/GameMain/Scripts/RunTime/GamePlay/PlayerControl/PlayerStMachineDash.cs,method,ShouldDeactivate,PascalCase
Assets/GameMain/Scripts/RunTime/GamePlay/PlayerControl/PlayerStMachineDash.cs,method,OnDeactivate,PascalCase
Assets/GameMain/Scripts/RunTime/GamePlay/PlayerControl/PlayerStMachineDash.cs,method,OnTick,PascalCase
Assets/GameMain/Scripts/RunTime/GamePlay/PlayerControl/PlayerStMachineDash.cs,private_field,DashPlayerOffsetPos,PascalCase
Assets/GameMain/Scripts/RunTime/GamePlay/PlayerControl/PlayerStMachineDash.cs,private_field,DashDir,PascalCase
Assets/GameMain/Scripts/RunTime/GamePlay/PlayerControl/PlayerControlComponent.Anim.cs,class,PlayerControlComponent,PascalCase
Assets/GameMain/Scripts/RunTime/GamePlay/PlayerControl/PlayerControlComponent.Anim.cs,method,AnimControl,PascalCase
Assets/GameMain/Scripts/RunTime/GamePlay/PlayerControl/PlayerStMachineWhistle.cs,class,PlayerStMachineWhistle,PascalCase
Assets/GameMain/Scripts/RunTime/GamePlay/PlayerControl/PlayerStMachineWhistle.cs,method,SetUpTickSettings,PascalCase
Assets/GameMain/Scripts/RunTime/GamePlay/PlayerControl/PlayerStMachineWhistle.cs,method,ShouldActivate,PascalCase
Assets/GameMain/Scripts/RunTime/GamePlay/PlayerControl/PlayerStMachineWhistle.cs,method,OnActivate,PascalCase
Assets/GameMain/Scripts/RunTime/GamePlay/PlayerControl/PlayerStMachineWhistle.cs,method,ShouldDeactivate,PascalCase
Assets/GameMain/Scripts/RunTime/GamePlay/PlayerControl/PlayerStMachineWhistle.cs,method,OnDeactivate,PascalCase
Assets/GameMain/Scripts/RunTime/GamePlay/PlayerControl/PlayerStMachineWhistle.cs,method,OnTick,PascalCase
Assets/GameMain/Scripts/RunTime/GamePlay/PlayerControl/PlayerStMachineWhistle.cs,method,CreateWave,PascalCase
Assets/GameMain/Scripts/RunTime/GamePlay/PlayerControl/PlayerNormalStGravity.cs,class,PlayerNormalStGravity,PascalCase
Assets/GameMain/Scripts/RunTime/GamePlay/PlayerControl/PlayerNormalStGravity.cs,method,SetUpTickSettings,PascalCase
Assets/GameMain/Scripts/RunTime/GamePlay/PlayerControl/PlayerNormalStGravity.cs,method,ShouldActivate,PascalCase
Assets/GameMain/Scripts/RunTime/GamePlay/PlayerControl/PlayerNormalStGravity.cs,method,ShouldDeactivate,PascalCase
Assets/GameMain/Scripts/RunTime/GamePlay/PlayerControl/PlayerNormalStGravity.cs,method,OnTick,PascalCase
Assets/GameMain/Scripts/RunTime/GamePlay/PlayerControl/PlayerControlCapabilityBase.cs,class,PlayerControlCapabilityBase,PascalCase
Assets/GameMain/Scripts/RunTime/GamePlay/PlayerControl/PlayerControlCapabilityBase.cs,method,OnActivate,PascalCase
Assets/GameMain/Scripts/RunTime/GamePlay/PlayerControl/PlayerControlCapabilityBase.cs,method,OnDeactivate,PascalCase
Assets/GameMain/Scripts/RunTime/GamePlay/PlayerControl/PlayerControlCapabilityBase.cs,method,OnSetup,PascalCase
Assets/GameMain/Scripts/RunTime/GamePlay/PlayerControl/PlayerControlCapabilityBase.cs,method,SetUpTickSettings,PascalCase
Assets/GameMain/Scripts/RunTime/GamePlay/PlayerControl/PlayerControlCapabilityBase.cs,method,Approach,PascalCase
Assets/GameMain/Scripts/RunTime/GamePlay/PlayerControl/PlayerControlCapabilityBase.cs,method,if,camelCase
Assets/GameMain/Scripts/RunTime/GamePlay/PlayerControl/PlayerControlCapabilityBase.cs,method,ApproachInTime,PascalCase
Assets/GameMain/Scripts/RunTime/GamePlay/PlayerControl/PlayerControlCapabilityBase.cs,method,SetStateMachine,PascalCase
Assets/GameMain/Scripts/RunTime/GamePlay/PlayerControl/PlayerControlCapabilityBase.cs,private_field,mPCComponent,camelCase
Assets/GameMain/Scripts/RunTime/GamePlay/PlayerControl/PlayerControlCapabilityBase.cs,private_field,mBoxCollision,camelCase
Assets/GameMain/Scripts/RunTime/GamePlay/PlayerControl/PlayerControlCapabilityBase.cs,private_field,IsOnGround,PascalCase
Assets/GameMain/Scripts/RunTime/GamePlay/PlayerControl/PlayerControlCapabilityBase.cs,private_field,IsJumping,PascalCase
Assets/GameMain/Scripts/RunTime/GamePlay/PlayerControl/PlayerControlCapabilityBase.cs,private_field,InputJump,PascalCase
Assets/GameMain/Scripts/RunTime/GamePlay/PlayerControl/PlayerControlCapabilityBase.cs,private_field,InputAct,PascalCase
Assets/GameMain/Scripts/RunTime/GamePlay/PlayerControl/PlayerControlCapabilityBase.cs,private_field,JumpSpeedY,PascalCase
Assets/GameMain/Scripts/RunTime/GamePlay/PlayerControl/PlayerControlCapabilityBase.cs,private_field,JumpBoostSpeedX,PascalCase
Assets/GameMain/Scripts/RunTime/GamePlay/PlayerControl/PlayerControlCapabilityBase.cs,private_field,MinJumpTime,PascalCase
Assets/GameMain/Scripts/RunTime/GamePlay/PlayerControl/PlayerControlCapabilityBase.cs,private_field,MaxJumpTime,PascalCase
Assets/GameMain/Scripts/RunTime/GamePlay/PlayerControl/PlayerControlCapabilityBase.cs,private_field,PreJumpInputTime,PascalCase
Assets/GameMain/Scripts/RunTime/GamePlay/PlayerControl/PlayerControlCapabilityBase.cs,private_field,CoyoteJumpInputTime,PascalCase
Assets/GameMain/Scripts/RunTime/GamePlay/PlayerControl/PlayerControlCapabilityBase.cs,private_field,MaxSpeedX,PascalCase
Assets/GameMain/Scripts/RunTime/GamePlay/PlayerControl/PlayerControlCapabilityBase.cs,private_field,AccX,PascalCase
Assets/GameMain/Scripts/RunTime/GamePlay/PlayerControl/PlayerControlCapabilityBase.cs,private_field,OverReduceX,PascalCase
Assets/GameMain/Scripts/RunTime/GamePlay/PlayerControl/PlayerControlCapabilityBase.cs,private_field,AirAccMultX,PascalCase
Assets/GameMain/Scripts/RunTime/GamePlay/PlayerControl/PlayerControlCapabilityBase.cs,private_field,MoveX,PascalCase
Assets/GameMain/Scripts/RunTime/GamePlay/PlayerControl/PlayerControlCapabilityBase.cs,private_field,MaxFallSpeedY,PascalCase
Assets/GameMain/Scripts/RunTime/GamePlay/PlayerControl/PlayerControlCapabilityBase.cs,private_field,GravityAccY,PascalCase
Assets/GameMain/Scripts/RunTime/GamePlay/PlayerControl/PlayerControlCapabilityBase.cs,private_field,LowGravThresholdSpeedY,PascalCase
Assets/GameMain/Scripts/RunTime/GamePlay/PlayerControl/PlayerControlCapabilityBase.cs,private_field,LowGravMult,PascalCase
Assets/GameMain/Scripts/RunTime/GamePlay/PlayerControl/PlayerControlCapabilityBase.cs,private_field,PreThrowInputTimer,PascalCase
Assets/GameMain/Scripts/RunTime/GamePlay/PlayerControl/PlayerControlCapabilityBase.cs,private_field,ThrowStartTimer,PascalCase
Assets/GameMain/Scripts/RunTime/GamePlay/PlayerControl/PlayerControlCapabilityBase.cs,private_field,ThrowMoveTimer,PascalCase
Assets/GameMain/Scripts/RunTime/GamePlay/PlayerControl/PlayerControlCapabilityBase.cs,private_field,ThrowMoveVelocity,PascalCase
Assets/GameMain/Scripts/RunTime/GamePlay/PlayerControl/PlayerNormalStJump.cs,class,PlayerNormalStJump,PascalCase
Assets/GameMain/Scripts/RunTime/GamePlay/PlayerControl/PlayerNormalStJump.cs,method,SetUpTickSettings,PascalCase
Assets/GameMain/Scripts/RunTime/GamePlay/PlayerControl/PlayerNormalStJump.cs,method,OnActivate,PascalCase
Assets/GameMain/Scripts/RunTime/GamePlay/PlayerControl/PlayerNormalStJump.cs,method,OnDeactivate,PascalCase
Assets/GameMain/Scripts/RunTime/GamePlay/PlayerControl/PlayerNormalStJump.cs,method,ShouldActivate,PascalCase
Assets/GameMain/Scripts/RunTime/GamePlay/PlayerControl/PlayerNormalStJump.cs,method,ShouldDeactivate,PascalCase
Assets/GameMain/Scripts/RunTime/GamePlay/PlayerControl/PlayerNormalStJump.cs,method,OnTick,PascalCase
Assets/GameMain/Scripts/RunTime/GamePlay/PlayerControl/PlayerNormalStJump.cs,method,IsReadyJump,PascalCase
Assets/GameMain/Scripts/RunTime/GamePlay/PlayerControl/PlayerNormalStJump.cs,method,if,camelCase
Assets/GameMain/Scripts/RunTime/GamePlay/PlayerControl/PlayerNormalStJump.cs,method,IsEndJump,PascalCase
Assets/GameMain/Scripts/RunTime/GamePlay/PlayerControl/PlayerInputTemp.cs,class,PlayerInputTemp,PascalCase
Assets/GameMain/Scripts/RunTime/GamePlay/PlayerControl/PlayerInputTemp.cs,method,SetUpTickSettings,PascalCase
Assets/GameMain/Scripts/RunTime/GamePlay/PlayerControl/PlayerInputTemp.cs,method,OnActivate,PascalCase
Assets/GameMain/Scripts/RunTime/GamePlay/PlayerControl/PlayerInputTemp.cs,method,OnDeactivate,PascalCase
Assets/GameMain/Scripts/RunTime/GamePlay/PlayerControl/PlayerInputTemp.cs,method,OnSetup,PascalCase
Assets/GameMain/Scripts/RunTime/GamePlay/PlayerControl/PlayerInputTemp.cs,method,ShouldActivate,PascalCase
Assets/GameMain/Scripts/RunTime/GamePlay/PlayerControl/PlayerInputTemp.cs,method,ShouldDeactivate,PascalCase
Assets/GameMain/Scripts/RunTime/GamePlay/PlayerControl/PlayerInputTemp.cs,method,OnTick,PascalCase
Assets/GameMain/Scripts/RunTime/GamePlay/PlayerControl/PlayerInputTemp.cs,private_field,mPCComponent,camelCase
Assets/GameMain/Scripts/RunTime/GamePlay/PlayerControl/PlayerStMachineDeath.cs,class,PlayerStMachineDeath,PascalCase
Assets/GameMain/Scripts/RunTime/GamePlay/PlayerControl/PlayerStMachineDeath.cs,method,SetUpTickSettings,PascalCase
Assets/GameMain/Scripts/RunTime/GamePlay/PlayerControl/PlayerStMachineDeath.cs,method,OnSetup,PascalCase
Assets/GameMain/Scripts/RunTime/GamePlay/PlayerControl/PlayerStMachineDeath.cs,method,ShouldActivate,PascalCase
Assets/GameMain/Scripts/RunTime/GamePlay/PlayerControl/PlayerStMachineDeath.cs,method,OnActivate,PascalCase
Assets/GameMain/Scripts/RunTime/GamePlay/PlayerControl/PlayerStMachineDeath.cs,method,OnDeactivate,PascalCase
Assets/GameMain/Scripts/RunTime/GamePlay/PlayerControl/PlayerStMachineDeath.cs,method,ShouldDeactivate,PascalCase
Assets/GameMain/Scripts/RunTime/GamePlay/PlayerControl/PlayerStMachineDeath.cs,method,OnTick,PascalCase
Assets/GameMain/Scripts/RunTime/GamePlay/PlayerControl/PlayerStateStartSet.cs,class,PlayerStateStartSet,PascalCase
Assets/GameMain/Scripts/RunTime/GamePlay/PlayerControl/PlayerStateStartSet.cs,method,SetUpTickSettings,PascalCase
Assets/GameMain/Scripts/RunTime/GamePlay/PlayerControl/PlayerStateStartSet.cs,method,OnActivate,PascalCase
Assets/GameMain/Scripts/RunTime/GamePlay/PlayerControl/PlayerStateStartSet.cs,method,OnDeactivate,PascalCase
Assets/GameMain/Scripts/RunTime/GamePlay/PlayerControl/PlayerStateStartSet.cs,method,ShouldActivate,PascalCase
Assets/GameMain/Scripts/RunTime/GamePlay/PlayerControl/PlayerStateStartSet.cs,method,ShouldDeactivate,PascalCase
Assets/GameMain/Scripts/RunTime/GamePlay/PlayerControl/PlayerStateStartSet.cs,method,OnTick,PascalCase
Assets/GameMain/Scripts/RunTime/GamePlay/PlayerControl/PlayerStateStartSet.cs,method,AddBeeToList,PascalCase
Assets/GameMain/Scripts/RunTime/GamePlay/PlayerControl/PlayerStateStartSet.cs,method,RemoveBeeFromList,PascalCase
Assets/GameMain/Scripts/RunTime/GamePlay/PlayerControl/PlayerStateStartSet.cs,method,CanThrowCheck,PascalCase
Assets/GameMain/Scripts/RunTime/GamePlay/PlayerControl/PlayerStateStartSet.cs,private_field,BeeAddSubscription,PascalCase
Assets/GameMain/Scripts/RunTime/GamePlay/PlayerControl/PlayerStateStartSet.cs,private_field,BeeRemoveSubscription,PascalCase
Assets/GameMain/Scripts/RunTime/GamePlay/PlayerControl/PlayerGrabStGravity.cs,class,PlayerGrabStGravity,PascalCase
Assets/GameMain/Scripts/RunTime/GamePlay/PlayerControl/PlayerGrabStGravity.cs,method,SetUpTickSettings,PascalCase
Assets/GameMain/Scripts/RunTime/GamePlay/PlayerControl/PlayerGrabStGravity.cs,method,ShouldActivate,PascalCase
Assets/GameMain/Scripts/RunTime/GamePlay/PlayerControl/PlayerGrabStGravity.cs,method,OnActivate,PascalCase
Assets/GameMain/Scripts/RunTime/GamePlay/PlayerControl/PlayerGrabStGravity.cs,method,ShouldDeactivate,PascalCase
Assets/GameMain/Scripts/RunTime/GamePlay/PlayerControl/PlayerGrabStGravity.cs,method,OnTick,PascalCase
Assets/GameMain/Scripts/RunTime/GamePlay/PlayerControl/PlayerControlTickOrder.cs,enum,PlayerControlTickOrder,PascalCase
Assets/GameMain/Scripts/RunTime/GamePlay/PlayerControl/PlayerCollisionStartCheck.cs,class,PlayerCollisionStartCheck,PascalCase
Assets/GameMain/Scripts/RunTime/GamePlay/PlayerControl/PlayerCollisionStartCheck.cs,method,OnSetup,PascalCase
Assets/GameMain/Scripts/RunTime/GamePlay/PlayerControl/PlayerCollisionStartCheck.cs,method,SetUpTickSettings,PascalCase
Assets/GameMain/Scripts/RunTime/GamePlay/PlayerControl/PlayerCollisionStartCheck.cs,method,ShouldActivate,PascalCase
Assets/GameMain/Scripts/RunTime/GamePlay/PlayerControl/PlayerCollisionStartCheck.cs,method,ShouldDeactivate,PascalCase
Assets/GameMain/Scripts/RunTime/GamePlay/PlayerControl/PlayerCollisionStartCheck.cs,method,OnTick,PascalCase
Assets/GameMain/Scripts/RunTime/GamePlay/PlayerControl/PlayerCollisionStartCheck.cs,method,ByWallCheck,PascalCase
Assets/GameMain/Scripts/RunTime/GamePlay/PlayerControl/PlayerCollisionStartCheck.cs,method,CornerGrabCheck,PascalCase
Assets/GameMain/Scripts/RunTime/GamePlay/PlayerControl/PlayerCollisionStartCheck.cs,method,NormalGrabCheck,PascalCase
Assets/GameMain/Scripts/RunTime/GamePlay/PlayerControl/PlayerCollisionStartCheck.cs,method,if,camelCase
Assets/GameMain/Scripts/RunTime/GamePlay/PlayerControl/PlayerCollisionStartCheck.cs,method,NormalSafeGrabCheck,PascalCase
Assets/GameMain/Scripts/RunTime/GamePlay/PlayerControl/PlayerCollisionStartCheck.cs,method,if,camelCase
Assets/GameMain/Scripts/RunTime/GamePlay/PlayerControl/PlayerCollisionStartCheck.cs,method,GrabSet,PascalCase
Assets/GameMain/Scripts/RunTime/GamePlay/PlayerControl/PlayerCollisionStartCheck.cs,method,IsCanGrab,PascalCase
Assets/GameMain/Scripts/RunTime/GamePlay/PlayerControl/PlayerCollisionStartCheck.cs,private_field,HeadHitResults,PascalCase
Assets/GameMain/Scripts/RunTime/GamePlay/PlayerControl/PlayerCollisionStartCheck.cs,private_field,DownHitResults,PascalCase
Assets/GameMain/Scripts/RunTime/GamePlay/PlayerControl/PlayerCollisionStartCheck.cs,private_field,ColliderHitResults,PascalCase
Assets/GameMain/Scripts/RunTime/GamePlay/PlayerControl/PlayerCollisionStartCheck.cs,private_field,PlayerColliderOffsetX,PascalCase
Assets/GameMain/Scripts/RunTime/GamePlay/PlayerControl/PlayerCollisionStartCheck.cs,private_field,PlayerHeadColliderOffsetY,PascalCase
Assets/GameMain/Scripts/RunTime/GamePlay/PlayerControl/PlayerCollisionStartCheck.cs,private_field,PlayerFootColliderOffsetY,PascalCase
Assets/GameMain/Scripts/RunTime/GamePlay/PlayerControl/PlayerCollisionStartCheck.cs,private_field,PlayerColliderOffsetUpY,PascalCase
Assets/GameMain/Scripts/RunTime/GamePlay/PlayerControl/PlayerCollisionStartCheck.cs,private_field,HorizontalDistance,PascalCase
Assets/GameMain/Scripts/RunTime/GamePlay/PlayerControl/PlayerCollisionStartCheck.cs,private_field,VerticalDistance,PascalCase
Assets/GameMain/Scripts/RunTime/GamePlay/PlayerControl/PlayerControlComponent.Rope.cs,class,PlayerControlComponent,PascalCase
Assets/GameMain/Scripts/RunTime/GamePlay/PlayerControl/PlayerInitialSet.cs,class,PlayerInitialSet,PascalCase
Assets/GameMain/Scripts/RunTime/GamePlay/PlayerControl/PlayerInitialSet.cs,method,SetUpTickSettings,PascalCase
Assets/GameMain/Scripts/RunTime/GamePlay/PlayerControl/PlayerInitialSet.cs,method,OnSetup,PascalCase
Assets/GameMain/Scripts/RunTime/GamePlay/PlayerControl/PlayerInitialSet.cs,method,ShouldActivate,PascalCase
Assets/GameMain/Scripts/RunTime/GamePlay/PlayerControl/PlayerInitialSet.cs,method,ShouldDeactivate,PascalCase
Assets/GameMain/Scripts/RunTime/GamePlay/PlayerControl/PlayerInitialSet.cs,method,OnTick,PascalCase
Assets/GameMain/Scripts/RunTime/GamePlay/PlayerControl/PlayerControlComponent.Unity.cs,class,PlayerControlComponent,PascalCase
Assets/GameMain/Scripts/RunTime/GamePlay/PlayerControl/PlayerControlComponent.Unity.cs,method,OnSetup,PascalCase
Assets/GameMain/Scripts/RunTime/GamePlay/PlayerControl/PlayerControlComponent.Unity.cs,method,OnRemoved,PascalCase
Assets/GameMain/Scripts/RunTime/GamePlay/PlayerControl/PlayerControlComponent.Unity.cs,method,OnUpdateGo,PascalCase
Assets/GameMain/Scripts/RunTime/GamePlay/PlayerControl/PlayerControlComponent.Unity.cs,method,OnChangeCheckPoint,PascalCase
Assets/GameMain/Scripts/RunTime/GamePlay/PlayerControl/PlayerControlComponent.Unity.cs,method,OnCollisionEnter2D,PascalCase
Assets/GameMain/Scripts/RunTime/GamePlay/PlayerControl/PlayerControlComponent.Unity.cs,method,if,camelCase
Assets/GameMain/Scripts/RunTime/GamePlay/PlayerControl/PlayerControlComponent.Unity.cs,method,OnTriggerEnter2D,PascalCase
Assets/GameMain/Scripts/RunTime/GamePlay/PlayerControl/PlayerControlComponent.Unity.cs,method,OnTriggerStay2D,PascalCase
Assets/GameMain/Scripts/RunTime/GamePlay/PlayerControl/PlayerControlComponent.Unity.cs,method,OnCollisionStay2D,PascalCase
Assets/GameMain/Scripts/RunTime/GamePlay/PlayerControl/PlayerControlComponent.Unity.cs,method,if,camelCase
Assets/GameMain/Scripts/RunTime/GamePlay/PlayerControl/PlayerControlComponent.Unity.cs,method,if,camelCase
Assets/GameMain/Scripts/RunTime/GamePlay/PlayerControl/PlayerControlComponent.Unity.cs,method,if,camelCase
Assets/GameMain/Scripts/RunTime/GamePlay/PlayerControl/PlayerControlComponent.Unity.cs,method,OnCollisionExit2D,PascalCase
Assets/GameMain/Scripts/RunTime/GamePlay/PlayerControl/PlayerControlComponent.Unity.cs,method,DashEndCheck,PascalCase
Assets/GameMain/Scripts/RunTime/GamePlay/PlayerControl/PlayerControlComponent.Unity.cs,private_field,mCollisionEnterSubscription,camelCase
Assets/GameMain/Scripts/RunTime/GamePlay/PlayerControl/PlayerControlComponent.Unity.cs,private_field,mCollisionExitSubscription,camelCase
Assets/GameMain/Scripts/RunTime/GamePlay/PlayerControl/PlayerControlComponent.Unity.cs,private_field,mCollisionStaySubscription,camelCase
Assets/GameMain/Scripts/RunTime/GamePlay/PlayerControl/PlayerControlComponent.Unity.cs,private_field,mTriggerEnterSubscription,camelCase
Assets/GameMain/Scripts/RunTime/GamePlay/PlayerControl/PlayerControlComponent.Unity.cs,private_field,mTriggerStaySubscription,camelCase
Assets/GameMain/Scripts/RunTime/GamePlay/PlayerControl/PlayerControlComponent.Unity.cs,private_field,m_Disposables,m_prefix
Assets/GameMain/Scripts/RunTime/GamePlay/PlayerControl/PlayerControlComponent.Unity.cs,public_field,mTranform,camelCase
Assets/GameMain/Scripts/RunTime/GamePlay/PlayerControl/PlayerControlComponent.Unity.cs,public_field,mRigidbody,camelCase
Assets/GameMain/Scripts/RunTime/GamePlay/PlayerControl/PlayerControlComponent.Unity.cs,public_field,mBoxCollider,camelCase
Assets/GameMain/Scripts/RunTime/GamePlay/PlayerControl/PlayerControlComponent.Unity.cs,public_field,mAnim,camelCase
Assets/GameMain/Scripts/RunTime/GamePlay/PlayerControl/PlayerControlComponent.Unity.cs,public_field,mGO,camelCase
Assets/GameMain/Scripts/RunTime/GamePlay/PlayerControl/PlayerStateEndSet.cs,class,PlayerStateEndSet,PascalCase
Assets/GameMain/Scripts/RunTime/GamePlay/PlayerControl/PlayerStateEndSet.cs,method,ShouldActivate,PascalCase
Assets/GameMain/Scripts/RunTime/GamePlay/PlayerControl/PlayerStateEndSet.cs,method,ShouldDeactivate,PascalCase
Assets/GameMain/Scripts/RunTime/GamePlay/PlayerControl/PlayerStateEndSet.cs,method,OnTick,PascalCase
Assets/GameMain/Scripts/RunTime/GamePlay/PlayerControl/PlayerStateEndSet.cs,private_field,ctrlVelocity,camelCase
Assets/GameMain/Scripts/RunTime/GamePlay/PlayerControl/PlayerStateEndSet.cs,private_field,extraVelocity,camelCase
Assets/GameMain/Scripts/RunTime/GamePlay/PlayerControl/PlayerPlatformerInitializer.cs,class,PlayerPlatformerInitializer,PascalCase
Assets/GameMain/Scripts/RunTime/GamePlay/PlayerControl/PlayerPlatformerInitializer.cs,method,Initialize,PascalCase
Assets/GameMain/Scripts/RunTime/GamePlay/PlayerControl/TempHookControl.cs,class,TempHookControl,PascalCase
Assets/GameMain/Scripts/RunTime/GamePlay/PlayerControl/TempHookControl.cs,method,Start,PascalCase
Assets/GameMain/Scripts/RunTime/GamePlay/PlayerControl/TempHookControl.cs,method,Update,PascalCase
Assets/GameMain/Scripts/RunTime/GamePlay/PlayerControl/TempHookControl.cs,method,FixedUpdate,PascalCase
Assets/GameMain/Scripts/RunTime/GamePlay/PlayerControl/TempHookControl.cs,method,DestroyThis,PascalCase
Assets/GameMain/Scripts/RunTime/GamePlay/PlayerControl/TempHookControl.cs,method,RopeCreate,PascalCase
Assets/GameMain/Scripts/RunTime/GamePlay/PlayerControl/TempHookControl.cs,method,OnCollisionEnter2D,PascalCase
Assets/GameMain/Scripts/RunTime/GamePlay/PlayerControl/TempHookControl.cs,method,if,camelCase
Assets/GameMain/Scripts/RunTime/GamePlay/PlayerControl/TempHookControl.cs,method,OnCollisionStay2D,PascalCase
Assets/GameMain/Scripts/RunTime/GamePlay/PlayerControl/TempHookControl.cs,method,if,camelCase
Assets/GameMain/Scripts/RunTime/GamePlay/PlayerControl/TempHookControl.cs,private_field,rb,camelCase
Assets/GameMain/Scripts/RunTime/GamePlay/PlayerControl/TempHookControl.cs,private_field,tempRope,camelCase
Assets/GameMain/Scripts/RunTime/GamePlay/PlayerControl/TempHookControl.cs,public_field,isDestroy,camelCase
Assets/GameMain/Scripts/RunTime/GamePlay/PlayerControl/TempHookControl.cs,public_field,ropePre,camelCase
Assets/GameMain/Scripts/RunTime/GamePlay/PlayerControl/TempHookControl.cs,public_field,WallDir,PascalCase
Assets/GameMain/Scripts/RunTime/GamePlay/PlayerControl/TempHookControl.cs,public_field,isOnWall,camelCase
Assets/GameMain/Scripts/RunTime/GamePlay/PlayerControl/TempHookControl.cs,public_field,rVelocity,camelCase
Assets/GameMain/Scripts/RunTime/GamePlay/PlayerControl/TempHookControl.cs,public_field,ThrowVelocity,PascalCase
Assets/GameMain/Scripts/RunTime/GamePlay/PlayerControl/TempHookControl.cs,public_field,downOffset,camelCase
Assets/GameMain/Scripts/RunTime/GamePlay/PlayerControl/TempHookControl.cs,public_field,rightOffset,camelCase
Assets/GameMain/Scripts/RunTime/GamePlay/PlayerControl/TempHookControl.cs,public_field,leftOffset,camelCase
Assets/GameMain/Scripts/RunTime/GamePlay/PlayerControl/PlayerStMachineThrow.cs,class,PlayerStMachineThrow,PascalCase
Assets/GameMain/Scripts/RunTime/GamePlay/PlayerControl/PlayerStMachineThrow.cs,method,SetUpTickSettings,PascalCase
Assets/GameMain/Scripts/RunTime/GamePlay/PlayerControl/PlayerStMachineThrow.cs,method,ShouldActivate,PascalCase
Assets/GameMain/Scripts/RunTime/GamePlay/PlayerControl/PlayerStMachineThrow.cs,method,OnActivate,PascalCase
Assets/GameMain/Scripts/RunTime/GamePlay/PlayerControl/PlayerStMachineThrow.cs,method,ShouldDeactivate,PascalCase
Assets/GameMain/Scripts/RunTime/GamePlay/PlayerControl/PlayerStMachineThrow.cs,method,OnDeactivate,PascalCase
Assets/GameMain/Scripts/RunTime/GamePlay/PlayerControl/PlayerStMachineThrow.cs,method,OnTick,PascalCase
Assets/GameMain/Scripts/RunTime/GamePlay/PlayerControl/PlayerStMachineThrow.cs,method,BeeThrow,PascalCase
Assets/GameMain/Scripts/RunTime/GamePlay/PlayerControl/PlayerStMachineThrow.cs,method,CreateHook,PascalCase
Assets/GameMain/Scripts/RunTime/GamePlay/PlayerControl/PlayerStMachineThrow.cs,method,ThrowStartGoing,PascalCase
Assets/GameMain/Scripts/RunTime/GamePlay/PlayerControl/PlayerStMachineThrow.cs,method,ThrowMoveGoing,PascalCase
Assets/GameMain/Scripts/RunTime/GamePlay/PlayerControl/PlayerStMachineThrow.cs,private_field,BeeToThrow,PascalCase
Assets/GameMain/Scripts/RunTime/GamePlay/PlayerControl/PlayerStMachineThrow.cs,private_field,ThrowStartPosition,PascalCase
Assets/GameMain/Scripts/RunTime/GamePlay/PlayerControl/PlayerStMachineThrow.cs,private_field,TempHC,PascalCase
Assets/GameMain/Scripts/RunTime/GamePlay/PlayerControl/PlayerStMachineThrow.cs,private_field,IsHookThing,PascalCase
Assets/GameMain/Scripts/RunTime/GamePlay/PlayerControl/PlayerControlComponent.cs,enum,PlayerStateMachine,PascalCase
Assets/GameMain/Scripts/RunTime/GamePlay/PlayerControl/PlayerControlComponent.cs,class,PlayerControlComponent,PascalCase
Assets/GameMain/Scripts/RunTime/GamePlay/PlayerControl/PlayerControlComponent.cs,public_field,ThrownHook,PascalCase
Assets/GameMain/Scripts/RunTime/GamePlay/PlayerControl/PlayerControlComponent.cs,public_field,PreHook,PascalCase
Assets/GameMain/Scripts/RunTime/GamePlay/PlayerControl/PlayerControlComponent.cs,public_field,PreWave,PascalCase
Assets/GameMain/Scripts/RunTime/GamePlay/PlayerControl/PlayerControlComponent.cs,public_field,FollowEffect,PascalCase
Assets/GameMain/Scripts/RunTime/GamePlay/PlayerControl/PlayerControlComponent.cs,public_field,AllBees,PascalCase
Assets/GameMain/Scripts/RunTime/GamePlay/PlayerControl/PlayerControlComponent.cs,public_field,JumpBoostSpeedX,PascalCase
Assets/GameMain/Scripts/RunTime/GamePlay/PlayerControl/PlayerGrabStJump.cs,class,PlayerGrabStJump,PascalCase
Assets/GameMain/Scripts/RunTime/GamePlay/PlayerControl/PlayerGrabStJump.cs,method,SetUpTickSettings,PascalCase
Assets/GameMain/Scripts/RunTime/GamePlay/PlayerControl/PlayerGrabStJump.cs,method,ShouldActivate,PascalCase
Assets/GameMain/Scripts/RunTime/GamePlay/PlayerControl/PlayerGrabStJump.cs,method,OnActivate,PascalCase
Assets/GameMain/Scripts/RunTime/GamePlay/PlayerControl/PlayerGrabStJump.cs,method,ShouldDeactivate,PascalCase
Assets/GameMain/Scripts/RunTime/GamePlay/PlayerControl/PlayerGrabStJump.cs,method,OnTick,PascalCase
Assets/GameMain/Scripts/RunTime/GamePlay/PlayerControl/PlayerControlComponent.Event.cs,class,PlayerControlComponent,PascalCase
Assets/GameMain/Scripts/RunTime/GamePlay/PlayerControl/PlayerControlComponent.Event.cs,public_field,TagChangeEvent,PascalCase
Assets/GameMain/Scripts/RunTime/GamePlay/PlayerControl/PlayerNormalStHorizontal.cs,class,PlayerNormalStHorizontal,PascalCase
Assets/GameMain/Scripts/RunTime/GamePlay/PlayerControl/PlayerNormalStHorizontal.cs,method,SetUpTickSettings,PascalCase
Assets/GameMain/Scripts/RunTime/GamePlay/PlayerControl/PlayerNormalStHorizontal.cs,method,OnActivate,PascalCase
Assets/GameMain/Scripts/RunTime/GamePlay/PlayerControl/PlayerNormalStHorizontal.cs,method,OnDeactivate,PascalCase
Assets/GameMain/Scripts/RunTime/GamePlay/PlayerControl/PlayerNormalStHorizontal.cs,method,ShouldActivate,PascalCase
Assets/GameMain/Scripts/RunTime/GamePlay/PlayerControl/PlayerNormalStHorizontal.cs,method,ShouldDeactivate,PascalCase
Assets/GameMain/Scripts/RunTime/GamePlay/PlayerControl/PlayerNormalStHorizontal.cs,method,OnTick,PascalCase
Assets/GameMain/Scripts/RunTime/GamePlay/SnakeGame/PlayerSnake.cs,enum,TailType,PascalCase
Assets/GameMain/Scripts/RunTime/GamePlay/SnakeGame/PlayerSnake.cs,enum,SnakeState,PascalCase
Assets/GameMain/Scripts/RunTime/GamePlay/SnakeGame/PlayerSnake.cs,class,PlayerSnake,PascalCase
Assets/GameMain/Scripts/RunTime/GamePlay/SnakeGame/PlayerSnake.cs,record,in,camelCase
Assets/GameMain/Scripts/RunTime/GamePlay/SnakeGame/PlayerSnake.cs,method,OnEnable,PascalCase
Assets/GameMain/Scripts/RunTime/GamePlay/SnakeGame/PlayerSnake.cs,method,OnDisable,PascalCase
Assets/GameMain/Scripts/RunTime/GamePlay/SnakeGame/PlayerSnake.cs,method,Start,PascalCase
Assets/GameMain/Scripts/RunTime/GamePlay/SnakeGame/PlayerSnake.cs,method,Update,PascalCase
Assets/GameMain/Scripts/RunTime/GamePlay/SnakeGame/PlayerSnake.cs,method,StateManager,PascalCase
Assets/GameMain/Scripts/RunTime/GamePlay/SnakeGame/PlayerSnake.cs,method,if,camelCase
Assets/GameMain/Scripts/RunTime/GamePlay/SnakeGame/PlayerSnake.cs,method,if,camelCase
Assets/GameMain/Scripts/RunTime/GamePlay/SnakeGame/PlayerSnake.cs,method,if,camelCase
Assets/GameMain/Scripts/RunTime/GamePlay/SnakeGame/PlayerSnake.cs,method,if,camelCase
Assets/GameMain/Scripts/RunTime/GamePlay/SnakeGame/PlayerSnake.cs,method,if,camelCase
Assets/GameMain/Scripts/RunTime/GamePlay/SnakeGame/PlayerSnake.cs,method,SetUp,PascalCase
Assets/GameMain/Scripts/RunTime/GamePlay/SnakeGame/PlayerSnake.cs,method,EnsureTailsContainer,PascalCase
Assets/GameMain/Scripts/RunTime/GamePlay/SnakeGame/PlayerSnake.cs,method,LoadTailLibrary,PascalCase
Assets/GameMain/Scripts/RunTime/GamePlay/SnakeGame/PlayerSnake.cs,method,HandleInput,PascalCase
Assets/GameMain/Scripts/RunTime/GamePlay/SnakeGame/PlayerSnake.cs,method,UpdateDirection,PascalCase
Assets/GameMain/Scripts/RunTime/GamePlay/SnakeGame/PlayerSnake.cs,method,Move,PascalCase
Assets/GameMain/Scripts/RunTime/GamePlay/SnakeGame/PlayerSnake.cs,method,IsBlocked,PascalCase
Assets/GameMain/Scripts/RunTime/GamePlay/SnakeGame/PlayerSnake.cs,method,GetTailType,PascalCase
Assets/GameMain/Scripts/RunTime/GamePlay/SnakeGame/PlayerSnake.cs,method,SpawnTail,PascalCase
Assets/GameMain/Scripts/RunTime/GamePlay/SnakeGame/PlayerSnake.cs,method,RotateTail,PascalCase
Assets/GameMain/Scripts/RunTime/GamePlay/SnakeGame/PlayerSnake.cs,method,Die,PascalCase
Assets/GameMain/Scripts/RunTime/GamePlay/SnakeGame/PlayerSnake.cs,method,Respawn,PascalCase
Assets/GameMain/Scripts/RunTime/GamePlay/SnakeGame/PlayerSnake.cs,method,OnSave,PascalCase
Assets/GameMain/Scripts/RunTime/GamePlay/SnakeGame/PlayerSnake.cs,method,OnCheckPoint,PascalCase
Assets/GameMain/Scripts/RunTime/GamePlay/SnakeGame/PlayerSnake.cs,method,OnBeforeWriteSave,PascalCase
Assets/GameMain/Scripts/RunTime/GamePlay/SnakeGame/PlayerSnake.cs,method,RestoreFromSave,PascalCase
Assets/GameMain/Scripts/RunTime/GamePlay/SnakeGame/PlayerSnake.cs,method,ResetSnake,PascalCase
Assets/GameMain/Scripts/RunTime/GamePlay/SnakeGame/PlayerSnake.cs,method,OnDrawGizmos,PascalCase
Assets/GameMain/Scripts/RunTime/GamePlay/SnakeGame/PlayerSnake.cs,private_field,m_PendingDirection,m_prefix
Assets/GameMain/Scripts/RunTime/GamePlay/SnakeGame/PlayerSnake.cs,private_field,m_InputDir,m_prefix
Assets/GameMain/Scripts/RunTime/GamePlay/SnakeGame/PlayerSnake.cs,private_field,m_LastFrameInputDir,m_prefix
Assets/GameMain/Scripts/RunTime/GamePlay/SnakeGame/PlayerSnake.cs,private_field,m_InputAct,m_prefix
Assets/GameMain/Scripts/RunTime/GamePlay/SnakeGame/PlayerSnake.cs,private_field,m_LastDirection,m_prefix
Assets/GameMain/Scripts/RunTime/GamePlay/SnakeGame/PlayerSnake.cs,private_field,lastRandomIndex,camelCase
Assets/GameMain/Scripts/RunTime/GamePlay/SnakeGame/PlayerSnake.cs,private_field,m_MoveInterval,m_prefix
Assets/GameMain/Scripts/RunTime/GamePlay/SnakeGame/PlayerSnake.cs,private_field,m_FastMoveInterval,m_prefix
Assets/GameMain/Scripts/RunTime/GamePlay/SnakeGame/PlayerSnake.cs,private_field,m_MinChargeTime,m_prefix
Assets/GameMain/Scripts/RunTime/GamePlay/SnakeGame/PlayerSnake.cs,private_field,m_MaxChargeTime,m_prefix
Assets/GameMain/Scripts/RunTime/GamePlay/SnakeGame/PlayerSnake.cs,private_field,m_LineTailPathList,m_prefix
Assets/GameMain/Scripts/RunTime/GamePlay/SnakeGame/PlayerSnake.cs,private_field,m_LineTailPath,m_prefix
Assets/GameMain/Scripts/RunTime/GamePlay/SnakeGame/PlayerSnake.cs,private_field,m_CornerTailPath,m_prefix
Assets/GameMain/Scripts/RunTime/GamePlay/SnakeGame/PlayerSnake.cs,private_field,m_Wave,m_prefix
Assets/GameMain/Scripts/RunTime/GamePlay/SnakeGame/PlayerSnake.cs,private_field,m_ObstacleLayer,m_prefix
Assets/GameMain/Scripts/RunTime/GamePlay/SnakeGame/PlayerSnake.cs,private_field,m_Head,m_prefix
Assets/GameMain/Scripts/RunTime/GamePlay/SnakeGame/PlayerSnake.cs,private_field,m_ShowDebug,m_prefix
Assets/GameMain/Scripts/RunTime/GamePlay/SnakeGame/PlayerSnake.cs,private_field,m_State,m_prefix
Assets/GameMain/Scripts/RunTime/GamePlay/SnakeGame/PlayerSnake.cs,private_field,m_CurrentDirection,m_prefix
Assets/GameMain/Scripts/RunTime/GamePlay/SnakeGame/PlayerSnake.cs,private_field,m_Timer,m_prefix
Assets/GameMain/Scripts/RunTime/GamePlay/SnakeGame/PlayerSnake.cs,private_field,m_StartPos,m_prefix
Assets/GameMain/Scripts/RunTime/GamePlay/SnakeGame/PlayerSnake.cs,private_field,m_CheckPos,m_prefix
Assets/GameMain/Scripts/RunTime/GamePlay/SnakeGame/PlayerSnake.cs,private_field,m_ActiveTails,m_prefix
Assets/GameMain/Scripts/RunTime/GamePlay/SnakeGame/PlayerSnake.cs,private_field,m_Disposables,m_prefix
Assets/GameMain/Scripts/RunTime/GamePlay/SnakeGame/PlayerSnake.cs,private_field,m_CheckSub,m_prefix
Assets/GameMain/Scripts/RunTime/GamePlay/SnakeGame/PlayerSnake.cs,private_field,m_TailContainer,m_prefix
Assets/GameMain/Scripts/RunTime/GamePlay/SnakeGame/PlayerSnakeSaveData.cs,class,PlayerSnakeSaveData,PascalCase
Assets/GameMain/Scripts/RunTime/GamePlay/SnakeGame/PlayerSnakeSaveData.cs,struct,SnakeTailRecord,PascalCase
Assets/GameMain/Scripts/RunTime/GamePlay/SnakeGame/PlayerSnakeSaveData.cs,public_field,CheckPos,PascalCase
Assets/GameMain/Scripts/RunTime/GamePlay/SnakeGame/PlayerSnakeSaveData.cs,public_field,Tails,PascalCase
Assets/GameMain/Scripts/RunTime/GamePlay/SnakeGame/PlayerSnakeSaveData.cs,public_field,Position,PascalCase
Assets/GameMain/Scripts/RunTime/GamePlay/SnakeGame/PlayerSnakeSaveData.cs,public_field,Rotation,PascalCase
Assets/GameMain/Scripts/RunTime/GamePlay/SnakeGame/PlayerSnakeSaveData.cs,public_field,Type,PascalCase
Assets/GameMain/Scripts/RunTime/GamePlay/SnakeGame/PlayerSnakeSaveData.cs,public_field,PrefabIndex,PascalCase
Assets/GameMain/Scripts/RunTime/GamePlay/SnakeGame/SnakeTail.cs,class,SnakeTail,PascalCase
Assets/GameMain/Scripts/RunTime/GamePlay/SnakeGame/SnakeTail.cs,method,Awake,PascalCase
Assets/GameMain/Scripts/RunTime/GamePlay/SnakeGame/SnakeTail.cs,method,Initialize,PascalCase
Assets/GameMain/Scripts/RunTime/GamePlay/SnakeGame/SnakeTail.cs,method,SetupVisuals,PascalCase
Assets/GameMain/Scripts/RunTime/GamePlay/SnakeGame/SnakeTail.cs,method,SetPermanent,PascalCase
Assets/GameMain/Scripts/RunTime/GamePlay/SnakeGame/SnakeTail.cs,private_field,m_SpriteRenderer,m_prefix
Assets/GameMain/Scripts/RunTime/GamePlay/SnakeGame/SnakeTail.cs,private_field,m_Collider,m_prefix
Assets/GameMain/Scripts/RunTime/GamePlay/SnakeGame/SnakeTail.cs,private_field,m_IsPermanent,m_prefix
Assets/GameMain/Scripts/RunTime/GamePlay/SnakeGame/SnakeTail.cs,public_field,PrefabIndex,PascalCase
Assets/GameMain/Scripts/RunTime/GamePlay/SnakeGame/SnakeTail.cs,public_field,TailType,PascalCase
Assets/GameMain/Scripts/RunTime/GamePlay/SnakeGame/SnakeHoney.cs,enum,HoneyState,PascalCase
Assets/GameMain/Scripts/RunTime/GamePlay/SnakeGame/SnakeHoney.cs,class,SnakeHoneySaveData,PascalCase
Assets/GameMain/Scripts/RunTime/GamePlay/SnakeGame/SnakeHoney.cs,class,SnakeHoney,PascalCase
Assets/GameMain/Scripts/RunTime/GamePlay/SnakeGame/SnakeHoney.cs,method,Awake,PascalCase
Assets/GameMain/Scripts/RunTime/GamePlay/SnakeGame/SnakeHoney.cs,method,OnDestroy,PascalCase
Assets/GameMain/Scripts/RunTime/GamePlay/SnakeGame/SnakeHoney.cs,method,BuildStableId,PascalCase
Assets/GameMain/Scripts/RunTime/GamePlay/SnakeGame/SnakeHoney.cs,method,Capture,PascalCase
Assets/GameMain/Scripts/RunTime/GamePlay/SnakeGame/SnakeHoney.cs,method,Restore,PascalCase
Assets/GameMain/Scripts/RunTime/GamePlay/SnakeGame/SnakeHoney.cs,method,OnTriggerEnter2D,PascalCase
Assets/GameMain/Scripts/RunTime/GamePlay/SnakeGame/SnakeHoney.cs,method,Collect,PascalCase
Assets/GameMain/Scripts/RunTime/GamePlay/SnakeGame/SnakeHoney.cs,method,OnSnakeDeath,PascalCase
Assets/GameMain/Scripts/RunTime/GamePlay/SnakeGame/SnakeHoney.cs,method,OnSnakeSave,PascalCase
Assets/GameMain/Scripts/RunTime/GamePlay/SnakeGame/SnakeHoney.cs,private_field,m_State,m_prefix
Assets/GameMain/Scripts/RunTime/GamePlay/SnakeGame/SnakeHoney.cs,private_field,m_Disposables,m_prefix
Assets/GameMain/Scripts/RunTime/GamePlay/SnakeGame/SnakeHoney.cs,private_field,m_StableId,m_prefix
Assets/GameMain/Scripts/RunTime/GamePlay/SnakeGame/SnakeHoney.cs,public_field,State,PascalCase
Assets/GameMain/Scripts/RunTime/GamePlay/SnakeGame/SnakeHoney.cs,public_field,State,PascalCase
Assets/GameMain/Scripts/RunTime/GamePlay/SnakeGame/PlayerSnakeInitializer.cs,class,PlayerSnakeInitializer,PascalCase
Assets/GameMain/Scripts/RunTime/GamePlay/SnakeGame/PlayerSnakeInitializer.cs,method,Initialize,PascalCase
Assets/GameMain/Scripts/RunTime/GamePlay/SnakeGame/SnakeSavePoint.cs,class,SnakeSavePoint,PascalCase
Assets/GameMain/Scripts/RunTime/GamePlay/SnakeGame/SnakeSavePoint.cs,method,OnPostImport,PascalCase
Assets/GameMain/Scripts/RunTime/GamePlay/SnakeGame/SnakeSavePoint.cs,method,OnTriggerEnter2D,PascalCase
Assets/GameMain/Scripts/RunTime/GamePlay/SnakeGame/SnakeSavePoint.cs,method,OnSaveTriggered,PascalCase
Assets/GameMain/Scripts/RunTime/GamePlay/SnakeGame/SnakeSavePoint.cs,private_field,m_IsSaved,m_prefix
Assets/GameMain/Scripts/RunTime/GamePlay/SnakeGame/SnakeSavePoint.cs,public_field,PointName,PascalCase
Assets/GameMain/Scripts/RunTime/GamePlay/SnakeGame/SnakeDoor.cs,class,SnakeDoorSaveData,PascalCase
Assets/GameMain/Scripts/RunTime/GamePlay/SnakeGame/SnakeDoor.cs,class,SnakeDoor,PascalCase
Assets/GameMain/Scripts/RunTime/GamePlay/SnakeGame/SnakeDoor.cs,method,OnPostImport,PascalCase
Assets/GameMain/Scripts/RunTime/GamePlay/SnakeGame/SnakeDoor.cs,method,Awake,PascalCase
Assets/GameMain/Scripts/RunTime/GamePlay/SnakeGame/SnakeDoor.cs,method,Start,PascalCase
Assets/GameMain/Scripts/RunTime/GamePlay/SnakeGame/SnakeDoor.cs,method,OnDestroy,PascalCase
Assets/GameMain/Scripts/RunTime/GamePlay/SnakeGame/SnakeDoor.cs,method,BuildStableId,PascalCase
Assets/GameMain/Scripts/RunTime/GamePlay/SnakeGame/SnakeDoor.cs,method,Capture,PascalCase
Assets/GameMain/Scripts/RunTime/GamePlay/SnakeGame/SnakeDoor.cs,method,Restore,PascalCase
Assets/GameMain/Scripts/RunTime/GamePlay/SnakeGame/SnakeDoor.cs,method,CheckConditions,PascalCase
Assets/GameMain/Scripts/RunTime/GamePlay/SnakeGame/SnakeDoor.cs,method,SetDoorOpen,PascalCase
Assets/GameMain/Scripts/RunTime/GamePlay/SnakeGame/SnakeDoor.cs,method,OnSnakeDeath,PascalCase
Assets/GameMain/Scripts/RunTime/GamePlay/SnakeGame/SnakeDoor.cs,method,OnSnakeSave,PascalCase
Assets/GameMain/Scripts/RunTime/GamePlay/SnakeGame/SnakeDoor.cs,private_field,m_AssociatedHoneys,m_prefix
Assets/GameMain/Scripts/RunTime/GamePlay/SnakeGame/SnakeDoor.cs,private_field,m_Animator,m_prefix
Assets/GameMain/Scripts/RunTime/GamePlay/SnakeGame/SnakeDoor.cs,private_field,m_BoxCollider,m_prefix
Assets/GameMain/Scripts/RunTime/GamePlay/SnakeGame/SnakeDoor.cs,private_field,m_Disposables,m_prefix
Assets/GameMain/Scripts/RunTime/GamePlay/SnakeGame/SnakeDoor.cs,private_field,m_IsPermanentlyOpen,m_prefix
Assets/GameMain/Scripts/RunTime/GamePlay/SnakeGame/SnakeDoor.cs,private_field,m_StableId,m_prefix
Assets/GameMain/Scripts/RunTime/GamePlay/SnakeGame/SnakeDoor.cs,public_field,IsPermanentlyOpen,PascalCase
Assets/GameMain/Scripts/RunTime/GamePlay/Entities/LDtkEntity.cs,class,AutoLdtkEntity,PascalCase
Assets/GameMain/Scripts/RunTime/GamePlay/Entities/LDtkEntity.cs,method,OnSyncFromLdtk,PascalCase
Assets/GameMain/Scripts/RunTime/GamePlay/Entities/LDtkEntity.cs,method,OnPostImport,PascalCase
Assets/GameMain/Scripts/RunTime/GamePlay/Entities/LDtkEntity.cs,public_field,LdtkIid,PascalCase
Assets/GameMain/Scripts/RunTime/GamePlay/Entities/LDtkEntity.cs,public_field,LdtkGridSize,PascalCase
Assets/GameMain/Scripts/RunTime/GamePlay/Entities/LDtkEntity.cs,public_field,Level,PascalCase
Assets/GameMain/Scripts/RunTime/GamePlay/Entities/LDtkEntity.cs,public_field,World,PascalCase
Assets/GameMain/Scripts/RunTime/GamePlay/Entities/LDtkEntity.cs,public_field,BaseGridSize,PascalCase
Assets/GameMain/Scripts/RunTime/GamePlay/Entities/LDtkEntity.cs,public_field,CanResize,PascalCase
Assets/GameMain/Scripts/RunTime/GamePlay/Entities/LDtkEntity.cs,public_field,KeepAspect,PascalCase
Assets/GameMain/Scripts/RunTime/GamePlay/Entities/LDtkEntity.cs,public_field,MinGridSize,PascalCase
Assets/GameMain/Scripts/RunTime/GamePlay/Entities/LDtkEntity.cs,public_field,MaxGridSize,PascalCase
Assets/GameMain/Scripts/RunTime/GamePlay/Entities/LDtkTriggerEntity.cs,class,LDtkTriggerEntity,PascalCase
Assets/GameMain/Scripts/RunTime/GamePlay/Entities/LDtkTriggerEntity.cs,method,Awake,PascalCase
Assets/GameMain/Scripts/RunTime/GamePlay/Entities/LDtkFieldAttribute.cs,class,LDtkFieldAttribute,PascalCase
Assets/GameMain/Scripts/RunTime/GamePlay/Entities/LDtkFieldAttribute.cs,method,LDtkFieldAttribute,PascalCase
Assets/GameMain/Scripts/RunTime/GamePlay/Entities/LevelClearPoint/LevelClearPoint.cs,class,LevelClearPoint,PascalCase
Assets/GameMain/Scripts/RunTime/GamePlay/Entities/LevelClearPoint/LevelClearPoint.cs,method,OnTriggerEnter2D,PascalCase
Assets/GameMain/Scripts/RunTime/GamePlay/Entities/LevelClearPoint/LevelClearPoint.cs,method,OnLevelClearTriggered,PascalCase
Assets/GameMain/Scripts/RunTime/GamePlay/Entities/LevelClearPoint/LevelClearPoint.cs,private_field,m_IsTriggered,m_prefix
Assets/GameMain/Scripts/RunTime/GamePlay/Entities/LevelClearPoint/LevelClearPoint.cs,public_field,IsGameEnd,PascalCase
Assets/GameMain/Scripts/RunTime/GamePlay/Entities/LevelClearPoint/LevelClearPoint.cs,public_field,NextSavePoint,PascalCase
Assets/GameMain/Scripts/RunTime/GamePlay/Entities/SavePoint/SavePoint.cs,class,SavePoint,PascalCase
Assets/GameMain/Scripts/RunTime/GamePlay/Entities/SavePoint/SavePoint.cs,method,Awake,PascalCase
Assets/GameMain/Scripts/RunTime/GamePlay/Entities/SavePoint/SavePoint.cs,method,OnEnable,PascalCase
Assets/GameMain/Scripts/RunTime/GamePlay/Entities/SavePoint/SavePoint.cs,method,OnDisable,PascalCase
Assets/GameMain/Scripts/RunTime/GamePlay/Entities/SavePoint/SavePoint.cs,method,OnSave,PascalCase
Assets/GameMain/Scripts/RunTime/GamePlay/Entities/SavePoint/SavePoint.cs,method,OnPostImport,PascalCase
Assets/GameMain/Scripts/RunTime/GamePlay/Entities/SavePoint/SavePoint.cs,method,OnTriggerEnter2D,PascalCase
Assets/GameMain/Scripts/RunTime/GamePlay/Entities/SavePoint/SavePoint.cs,method,OnSaveTriggered,PascalCase
Assets/GameMain/Scripts/RunTime/GamePlay/Entities/SavePoint/SavePoint.cs,method,PlaySaveVisuals,PascalCase
Assets/GameMain/Scripts/RunTime/GamePlay/Entities/SavePoint/SavePoint.cs,method,if,camelCase
Assets/GameMain/Scripts/RunTime/GamePlay/Entities/SavePoint/SavePoint.cs,private_field,m_SpriteRenderer,m_prefix
Assets/GameMain/Scripts/RunTime/GamePlay/Entities/SavePoint/SavePoint.cs,private_field,m_UnsavedSprite,m_prefix
Assets/GameMain/Scripts/RunTime/GamePlay/Entities/SavePoint/SavePoint.cs,private_field,m_SavedSprite,m_prefix
Assets/GameMain/Scripts/RunTime/GamePlay/Entities/SavePoint/SavePoint.cs,private_field,m_Animator,m_prefix
Assets/GameMain/Scripts/RunTime/GamePlay/Entities/SavePoint/SavePoint.cs,private_field,m_SaveAnimationTrigger,m_prefix
Assets/GameMain/Scripts/RunTime/GamePlay/Entities/SavePoint/SavePoint.cs,private_field,m_Disposables,m_prefix
Assets/GameMain/Scripts/RunTime/GamePlay/Entities/SavePoint/SavePoint.cs,private_field,m_IsSaved,m_prefix
Assets/GameMain/Scripts/RunTime/GamePlay/Entities/SavePoint/SavePoint.cs,public_field,PointName,PascalCase
Assets/GameMain/Scripts/RunTime/GamePlay/Entities/SavePoint/SavePoint.cs,public_field,NickName,PascalCase
Assets/GameMain/Scripts/RunTime/GamePlay/Entities/LightThing/LightEntitySet.cs,class,LightEntitySet,PascalCase
Assets/GameMain/Scripts/RunTime/GamePlay/Entities/PlatformerGame/ChangeBackground/ChangeBackgroundArea.cs,class,ChangeBackgroundArea,PascalCase
Assets/GameMain/Scripts/RunTime/GamePlay/Entities/PlatformerGame/ChangeBackground/ChangeBackgroundArea.cs,method,OnTriggerEnter2D,PascalCase
Assets/GameMain/Scripts/RunTime/GamePlay/Entities/PlatformerGame/ChangeBackground/ChangeBackgroundArea.cs,public_field,BackgroundName,PascalCase
Assets/GameMain/Scripts/RunTime/GamePlay/Entities/PlatformerGame/Chain/EntityChain.cs,class,EntityChain,PascalCase
Assets/GameMain/Scripts/RunTime/GamePlay/Entities/PlatformerGame/Chain/EntityChain.cs,struct,VelocityForceStep,PascalCase
Assets/GameMain/Scripts/RunTime/GamePlay/Entities/PlatformerGame/Chain/EntityChain.cs,enum,ChainState,PascalCase
Assets/GameMain/Scripts/RunTime/GamePlay/Entities/PlatformerGame/Chain/EntityChain.cs,class,EntityChainEditor,PascalCase
Assets/GameMain/Scripts/RunTime/GamePlay/Entities/PlatformerGame/Chain/EntityChain.cs,method,Start,PascalCase
Assets/GameMain/Scripts/RunTime/GamePlay/Entities/PlatformerGame/Chain/EntityChain.cs,method,Update,PascalCase
Assets/GameMain/Scripts/RunTime/GamePlay/Entities/PlatformerGame/Chain/EntityChain.cs,method,if,camelCase
Assets/GameMain/Scripts/RunTime/GamePlay/Entities/PlatformerGame/Chain/EntityChain.cs,method,StartTransition,PascalCase
Assets/GameMain/Scripts/RunTime/GamePlay/Entities/PlatformerGame/Chain/EntityChain.cs,method,SetJointsKinematic,PascalCase
Assets/GameMain/Scripts/RunTime/GamePlay/Entities/PlatformerGame/Chain/EntityChain.cs,method,SetJointsDynamic,PascalCase
Assets/GameMain/Scripts/RunTime/GamePlay/Entities/PlatformerGame/Chain/EntityChain.cs,method,Setup,PascalCase
Assets/GameMain/Scripts/RunTime/GamePlay/Entities/PlatformerGame/Chain/EntityChain.cs,method,Clear,PascalCase
Assets/GameMain/Scripts/RunTime/GamePlay/Entities/PlatformerGame/Chain/EntityChain.cs,method,CacheJointRbs,PascalCase
Assets/GameMain/Scripts/RunTime/GamePlay/Entities/PlatformerGame/Chain/EntityChain.cs,method,HandleJointTriggerEnter,PascalCase
Assets/GameMain/Scripts/RunTime/GamePlay/Entities/PlatformerGame/Chain/EntityChain.cs,method,OnInspectorGUI,PascalCase
Assets/GameMain/Scripts/RunTime/GamePlay/Entities/PlatformerGame/Chain/EntityChain.cs,private_field,m_JointPrefab,m_prefix
Assets/GameMain/Scripts/RunTime/GamePlay/Entities/PlatformerGame/Chain/EntityChain.cs,private_field,m_ChainLength,m_prefix
Assets/GameMain/Scripts/RunTime/GamePlay/Entities/PlatformerGame/Chain/EntityChain.cs,private_field,m_JointSpacing,m_prefix
Assets/GameMain/Scripts/RunTime/GamePlay/Entities/PlatformerGame/Chain/EntityChain.cs,private_field,m_EnableAutoRestore,m_prefix
Assets/GameMain/Scripts/RunTime/GamePlay/Entities/PlatformerGame/Chain/EntityChain.cs,private_field,m_ForceSegments,m_prefix
Assets/GameMain/Scripts/RunTime/GamePlay/Entities/PlatformerGame/Chain/EntityChain.cs,private_field,m_ImpactForceMultiplier,m_prefix
Assets/GameMain/Scripts/RunTime/GamePlay/Entities/PlatformerGame/Chain/EntityChain.cs,private_field,m_ForceSteps,m_prefix
Assets/GameMain/Scripts/RunTime/GamePlay/Entities/PlatformerGame/Chain/EntityChain.cs,private_field,m_SwingCooldown,m_prefix
Assets/GameMain/Scripts/RunTime/GamePlay/Entities/PlatformerGame/Chain/EntityChain.cs,private_field,m_TransitionDuration,m_prefix
Assets/GameMain/Scripts/RunTime/GamePlay/Entities/PlatformerGame/Chain/EntityChain.cs,private_field,m_CurrentState,m_prefix
Assets/GameMain/Scripts/RunTime/GamePlay/Entities/PlatformerGame/Chain/EntityChain.cs,private_field,m_Joints,m_prefix
Assets/GameMain/Scripts/RunTime/GamePlay/Entities/PlatformerGame/Chain/EntityChain.cs,private_field,m_Anchor,m_prefix
Assets/GameMain/Scripts/RunTime/GamePlay/Entities/PlatformerGame/Chain/EntityChain.cs,private_field,m_JointRbs,m_prefix
Assets/GameMain/Scripts/RunTime/GamePlay/Entities/PlatformerGame/Chain/EntityChain.cs,private_field,m_CooldownTimer,m_prefix
Assets/GameMain/Scripts/RunTime/GamePlay/Entities/PlatformerGame/Chain/EntityChain.cs,private_field,m_TransitionTimer,m_prefix
Assets/GameMain/Scripts/RunTime/GamePlay/Entities/PlatformerGame/Chain/EntityChain.cs,private_field,m_InitialLocalPos,m_prefix
Assets/GameMain/Scripts/RunTime/GamePlay/Entities/PlatformerGame/Chain/EntityChain.cs,private_field,m_TransitionStartPos,m_prefix
Assets/GameMain/Scripts/RunTime/GamePlay/Entities/PlatformerGame/Chain/EntityChain.cs,private_field,m_TransitionStartRot,m_prefix
Assets/GameMain/Scripts/RunTime/GamePlay/Entities/PlatformerGame/Chain/EntityChain.cs,public_field,MinVelocity,PascalCase
Assets/GameMain/Scripts/RunTime/GamePlay/Entities/PlatformerGame/Chain/EntityChain.cs,public_field,Force,PascalCase
Assets/GameMain/Scripts/RunTime/GamePlay/Entities/PlatformerGame/Chain/EntityChain.cs,public_field,Joints,PascalCase
Assets/GameMain/Scripts/RunTime/GamePlay/Entities/PlatformerGame/Chain/ChainJointTrigger.cs,class,ChainJointTrigger,PascalCase
Assets/GameMain/Scripts/RunTime/GamePlay/Entities/PlatformerGame/Chain/ChainJointTrigger.cs,method,Initialize,PascalCase
Assets/GameMain/Scripts/RunTime/GamePlay/Entities/PlatformerGame/Chain/ChainJointTrigger.cs,method,OnTriggerEnter2D,PascalCase
Assets/GameMain/Scripts/RunTime/GamePlay/Entities/PlatformerGame/Chain/ChainJointTrigger.cs,private_field,m_ParentChain,m_prefix
Assets/GameMain/Scripts/RunTime/GamePlay/Entities/PlatformerGame/Chain/ChainJointTrigger.cs,private_field,m_Rigidbody,m_prefix
Assets/GameMain/Scripts/RunTime/GamePlay/Entities/PlatformerGame/MovePlatformer/MovePlatformer.cs,class,MovePlatformer,PascalCase
Assets/GameMain/Scripts/RunTime/GamePlay/Entities/PlatformerGame/MovePlatformer/MovePlatformer.cs,enum,LoopType,PascalCase
Assets/GameMain/Scripts/RunTime/GamePlay/Entities/PlatformerGame/MovePlatformer/MovePlatformer.cs,method,OnPostImport,PascalCase
Assets/GameMain/Scripts/RunTime/GamePlay/Entities/PlatformerGame/MovePlatformer/MovePlatformer.cs,method,Start,PascalCase
Assets/GameMain/Scripts/RunTime/GamePlay/Entities/PlatformerGame/MovePlatformer/MovePlatformer.cs,method,StartMoving,PascalCase
Assets/GameMain/Scripts/RunTime/GamePlay/Entities/PlatformerGame/MovePlatformer/MovePlatformer.cs,method,Update,PascalCase
Assets/GameMain/Scripts/RunTime/GamePlay/Entities/PlatformerGame/MovePlatformer/MovePlatformer.cs,method,GetNextTargetIndex,PascalCase
Assets/GameMain/Scripts/RunTime/GamePlay/Entities/PlatformerGame/MovePlatformer/MovePlatformer.cs,method,if,camelCase
Assets/GameMain/Scripts/RunTime/GamePlay/Entities/PlatformerGame/MovePlatformer/MovePlatformer.cs,method,OnDrawGizmos,PascalCase
Assets/GameMain/Scripts/RunTime/GamePlay/Entities/PlatformerGame/MovePlatformer/MovePlatformer.cs,private_field,MoveSpeed,PascalCase
Assets/GameMain/Scripts/RunTime/GamePlay/Entities/PlatformerGame/MovePlatformer/MovePlatformer.cs,private_field,WaitTime,PascalCase
Assets/GameMain/Scripts/RunTime/GamePlay/Entities/PlatformerGame/MovePlatformer/MovePlatformer.cs,private_field,m_LoopType,m_prefix
Assets/GameMain/Scripts/RunTime/GamePlay/Entities/PlatformerGame/MovePlatformer/MovePlatformer.cs,private_field,AutoStart,PascalCase
Assets/GameMain/Scripts/RunTime/GamePlay/Entities/PlatformerGame/MovePlatformer/MovePlatformer.cs,private_field,PathPoints,PascalCase
Assets/GameMain/Scripts/RunTime/GamePlay/Entities/PlatformerGame/MovePlatformer/MovePlatformer.cs,private_field,m_WorldPathPoints,m_prefix
Assets/GameMain/Scripts/RunTime/GamePlay/Entities/PlatformerGame/MovePlatformer/MovePlatformer.cs,private_field,m_CurrentPointIndex,m_prefix
Assets/GameMain/Scripts/RunTime/GamePlay/Entities/PlatformerGame/MovePlatformer/MovePlatformer.cs,private_field,m_IsMoving,m_prefix
Assets/GameMain/Scripts/RunTime/GamePlay/Entities/PlatformerGame/MovePlatformer/MovePlatformer.cs,private_field,m_IsWaiting,m_prefix
Assets/GameMain/Scripts/RunTime/GamePlay/Entities/PlatformerGame/MovePlatformer/MovePlatformer.cs,private_field,m_WaitTimer,m_prefix
Assets/GameMain/Scripts/RunTime/GamePlay/Entities/PlatformerGame/MovePlatformer/MovePlatformer.cs,private_field,m_Direction,m_prefix
Assets/GameMain/Scripts/RunTime/GamePlay/Entities/PlatformerGame/MovePlatformer/MovePlatformerPathPoint.cs,class,MovePlatformerPathPoint,PascalCase
Assets/GameMain/Scripts/RunTime/GamePlay/Entities/PlatformerGame/MovePlatformer/MovePlatformerPathPoint.cs,method,OnDrawGizmos,PascalCase
Assets/GameMain/Scripts/RunTime/GamePlay/Entities/PlatformerGame/MisteryFog/MisteryFogSaveData.cs,class,MisteryFogSaveData,PascalCase
Assets/GameMain/Scripts/RunTime/GamePlay/Entities/PlatformerGame/MisteryFog/MisteryFogSaveData.cs,public_field,IsRevealed,PascalCase
Assets/GameMain/Scripts/RunTime/GamePlay/Entities/PlatformerGame/MisteryFog/MisteryFog.cs,class,MisteryFog,PascalCase
Assets/GameMain/Scripts/RunTime/GamePlay/Entities/PlatformerGame/MisteryFog/MisteryFog.cs,method,Awake,PascalCase
Assets/GameMain/Scripts/RunTime/GamePlay/Entities/PlatformerGame/MisteryFog/MisteryFog.cs,method,OnDestroy,PascalCase
Assets/GameMain/Scripts/RunTime/GamePlay/Entities/PlatformerGame/MisteryFog/MisteryFog.cs,method,OnTriggerEnter2D,PascalCase
Assets/GameMain/Scripts/RunTime/GamePlay/Entities/PlatformerGame/MisteryFog/MisteryFog.cs,method,Reveal,PascalCase
Assets/GameMain/Scripts/RunTime/GamePlay/Entities/PlatformerGame/MisteryFog/MisteryFog.cs,method,Restore,PascalCase
Assets/GameMain/Scripts/RunTime/GamePlay/Entities/PlatformerGame/MisteryFog/MisteryFog.cs,private_field,m_Material,m_prefix
Assets/GameMain/Scripts/RunTime/GamePlay/Entities/PlatformerGame/MisteryFog/MisteryFog.cs,private_field,m_FadeDuration,m_prefix
Assets/GameMain/Scripts/RunTime/GamePlay/Entities/PlatformerGame/MisteryFog/MisteryFog.cs,private_field,m_SpriteRenderer,m_prefix
Assets/GameMain/Scripts/RunTime/GamePlay/Entities/PlatformerGame/MisteryFog/MisteryFog.cs,private_field,m_IsRevealed,m_prefix
Assets/GameMain/Scripts/RunTime/GamePlay/Entities/PlatformerGame/MisteryFog/MisteryFog.cs,private_field,m_StableId,m_prefix
Assets/GameMain/Scripts/RunTime/GamePlay/Entities/PlatformerGame/CameraOverride/CameraOverrideArea.cs,class,CameraOverrideArea,PascalCase
Assets/GameMain/Scripts/RunTime/GamePlay/Entities/PlatformerGame/CameraOverride/CameraOverrideArea.cs,method,Awake,PascalCase
Assets/GameMain/Scripts/RunTime/GamePlay/Entities/PlatformerGame/CameraOverride/CameraOverrideArea.cs,method,OnTriggerEnter2D,PascalCase
Assets/GameMain/Scripts/RunTime/GamePlay/Entities/PlatformerGame/CameraOverride/CameraOverrideArea.cs,method,OnTriggerExit2D,PascalCase
Assets/GameMain/Scripts/RunTime/GamePlay/Entities/PlatformerGame/CameraOverride/CameraOverrideArea.cs,method,OnDisable,PascalCase
Assets/GameMain/Scripts/RunTime/GamePlay/Entities/PlatformerGame/CameraOverride/CameraOverrideArea.cs,private_field,m_OrthographicSize,m_prefix
Assets/GameMain/Scripts/RunTime/GamePlay/Entities/PlatformerGame/CameraOverride/CameraOverrideArea.cs,private_field,m_OverrideCamera,m_prefix
Assets/GameMain/Scripts/RunTime/GamePlay/PlayerControl/Checkpoint/CheckpointAnimTemp.cs,class,CheckpointAnimTemp,PascalCase
Assets/GameMain/Scripts/RunTime/GamePlay/PlayerControl/Checkpoint/CheckpointAnimTemp.cs,method,Start,PascalCase
Assets/GameMain/Scripts/RunTime/GamePlay/PlayerControl/Checkpoint/CheckpointAnimTemp.cs,method,Update,PascalCase
Assets/GameMain/Scripts/RunTime/GamePlay/PlayerControl/Checkpoint/CheckpointAnimTemp.cs,method,OnTriggerEnter2D,PascalCase
Assets/GameMain/Scripts/RunTime/GamePlay/PlayerControl/Checkpoint/CheckpointAnimTemp.cs,private_field,anim,camelCase
Assets/GameMain/Scripts/RunTime/GamePlay/PlayerControl/Checkpoint/CheckpointAnimTemp.cs,public_field,isBloom,camelCase
Assets/GameMain/Scripts/RunTime/GamePlay/PlayerControl/Checkpoint/MatCheckpointControl.cs,class,MatCheckpointControl,PascalCase
Assets/GameMain/Scripts/RunTime/GamePlay/PlayerControl/Checkpoint/MatCheckpointControl.cs,method,Awake,PascalCase
Assets/GameMain/Scripts/RunTime/GamePlay/PlayerControl/Checkpoint/MatCheckpointControl.cs,method,OnEnable,PascalCase
Assets/GameMain/Scripts/RunTime/GamePlay/PlayerControl/Checkpoint/MatCheckpointControl.cs,method,OnDisable,PascalCase
Assets/GameMain/Scripts/RunTime/GamePlay/PlayerControl/Checkpoint/MatCheckpointControl.cs,method,Start,PascalCase
Assets/GameMain/Scripts/RunTime/GamePlay/PlayerControl/Checkpoint/MatCheckpointControl.cs,method,Update,PascalCase
Assets/GameMain/Scripts/RunTime/GamePlay/PlayerControl/Checkpoint/MatCheckpointControl.cs,method,OnPostImport,PascalCase
Assets/GameMain/Scripts/RunTime/GamePlay/PlayerControl/Checkpoint/MatCheckpointControl.cs,method,OnCheck,PascalCase
Assets/GameMain/Scripts/RunTime/GamePlay/PlayerControl/Checkpoint/MatCheckpointControl.cs,method,OnFirstCheck,PascalCase
Assets/GameMain/Scripts/RunTime/GamePlay/PlayerControl/Checkpoint/MatCheckpointControl.cs,method,OnReCheck,PascalCase
Assets/GameMain/Scripts/RunTime/GamePlay/PlayerControl/Checkpoint/MatCheckpointControl.cs,method,OnCheckTrigger,PascalCase
Assets/GameMain/Scripts/RunTime/GamePlay/PlayerControl/Checkpoint/MatCheckpointControl.cs,method,OnTriggerEnter2D,PascalCase
Assets/GameMain/Scripts/RunTime/GamePlay/PlayerControl/Checkpoint/MatCheckpointControl.cs,method,if,camelCase
Assets/GameMain/Scripts/RunTime/GamePlay/PlayerControl/Checkpoint/MatCheckpointControl.cs,private_field,WavePre,PascalCase
Assets/GameMain/Scripts/RunTime/GamePlay/PlayerControl/Checkpoint/MatCheckpointControl.cs,private_field,isBloom,camelCase
Assets/GameMain/Scripts/RunTime/GamePlay/PlayerControl/Checkpoint/MatCheckpointControl.cs,private_field,isChecking,camelCase
Assets/GameMain/Scripts/RunTime/GamePlay/PlayerControl/Checkpoint/MatCheckpointControl.cs,private_field,mAnimator,camelCase
Assets/GameMain/Scripts/RunTime/GamePlay/PlayerControl/Checkpoint/MatCheckpointControl.cs,private_field,m_Disposables,m_prefix
Assets/GameMain/Scripts/RunTime/GamePlay/PlayerControl/Checkpoint/MatCheckpointControl.cs,public_field,WaveRadius,PascalCase
Assets/GameMain/Scripts/RunTime/GamePlay/PlayerControl/Checkpoint/MatCheckpointControl.cs,public_field,WaveDur,PascalCase
Assets/GameMain/Scripts/RunTime/GamePlay/PlayerControl/ThornPlatform/MatThornPlatformControl.cs,class,MatThornPlatformControl,PascalCase
Assets/GameMain/Scripts/RunTime/GamePlay/PlayerControl/ThornPlatform/MatThornPlatformControl.cs,method,Start,PascalCase
Assets/GameMain/Scripts/RunTime/GamePlay/PlayerControl/ThornPlatform/MatThornPlatformControl.cs,method,Update,PascalCase
Assets/GameMain/Scripts/RunTime/GamePlay/PlayerControl/ThornPlatform/MatThornPlatformControl.cs,method,if,camelCase
Assets/GameMain/Scripts/RunTime/GamePlay/PlayerControl/ThornPlatform/MatThornPlatformControl.cs,method,PlatformShake,PascalCase
Assets/GameMain/Scripts/RunTime/GamePlay/PlayerControl/ThornPlatform/MatThornPlatformControl.cs,method,ChangeToPlatform,PascalCase
Assets/GameMain/Scripts/RunTime/GamePlay/PlayerControl/ThornPlatform/MatThornPlatformControl.cs,method,ChangeToThron,PascalCase
Assets/GameMain/Scripts/RunTime/GamePlay/PlayerControl/ThornPlatform/MatThornPlatformControl.cs,method,OnTriggerEnter2D,PascalCase
Assets/GameMain/Scripts/RunTime/GamePlay/PlayerControl/ThornPlatform/MatThornPlatformControl.cs,method,OnCollisionEnter2D,PascalCase
Assets/GameMain/Scripts/RunTime/GamePlay/PlayerControl/ThornPlatform/MatThornPlatformControl.cs,private_field,m_BoxCollider2d,m_prefix
Assets/GameMain/Scripts/RunTime/GamePlay/PlayerControl/ThornPlatform/MatThornPlatformControl.cs,private_field,m_Animator,m_prefix
Assets/GameMain/Scripts/RunTime/GamePlay/PlayerControl/ThornPlatform/MatThornPlatformControl.cs,private_field,renderTransform,camelCase
Assets/GameMain/Scripts/RunTime/GamePlay/PlayerControl/ThornPlatform/MatThornPlatformControl.cs,private_field,isPlatform,camelCase
Assets/GameMain/Scripts/RunTime/GamePlay/PlayerControl/ThornPlatform/MatThornPlatformControl.cs,private_field,isPlayerOn,camelCase
Assets/GameMain/Scripts/RunTime/GamePlay/PlayerControl/ThornPlatform/MatThornPlatformControl.cs,private_field,platformSize,camelCase
Assets/GameMain/Scripts/RunTime/GamePlay/PlayerControl/ThornPlatform/MatThornPlatformControl.cs,private_field,thornPlusSize,camelCase
Assets/GameMain/Scripts/RunTime/GamePlay/PlayerControl/ThornPlatform/MatThornPlatformControl.cs,private_field,KeepTime,PascalCase
Assets/GameMain/Scripts/RunTime/GamePlay/PlayerControl/ThornPlatform/MatThornPlatformControl.cs,private_field,ShakeTime,PascalCase
Assets/GameMain/Scripts/RunTime/GamePlay/PlayerControl/ThornPlatform/MatThornPlatformControl.cs,private_field,m_KeepTimer,m_prefix
Assets/GameMain/Scripts/RunTime/GamePlay/PlayerControl/ThornPlatform/MatThornPlatformControl.cs,private_field,shakeTimer,camelCase
Assets/GameMain/Scripts/RunTime/GamePlay/PlayerControl/ThornPlatform/MatThornPlatformControl.cs,private_field,initialPosition,camelCase
Assets/GameMain/Scripts/RunTime/GamePlay/PlayerControl/ThornPlatform/MatThornPlatformControl.cs,public_field,shakeAmount,camelCase
Assets/GameMain/Scripts/RunTime/GamePlay/PlayerControl/ThornPlatform/MatThornPlatformControl.cs,public_field,shakeSpeed,camelCase
Assets/GameMain/Scripts/RunTime/GamePlay/PlayerControl/Vine/MatVineControl.cs,class,MatVineControl,PascalCase
Assets/GameMain/Scripts/RunTime/GamePlay/PlayerControl/Vine/MatVineControl.cs,method,Awake,PascalCase
Assets/GameMain/Scripts/RunTime/GamePlay/PlayerControl/Vine/MatVineControl.cs,method,Start,PascalCase
Assets/GameMain/Scripts/RunTime/GamePlay/PlayerControl/Vine/MatVineControl.cs,method,Update,PascalCase
Assets/GameMain/Scripts/RunTime/GamePlay/PlayerControl/Vine/MatVineControl.cs,method,if,camelCase
Assets/GameMain/Scripts/RunTime/GamePlay/PlayerControl/Vine/MatVineControl.cs,method,PlatformShake,PascalCase
Assets/GameMain/Scripts/RunTime/GamePlay/PlayerControl/Vine/MatVineControl.cs,method,AlignToWall,PascalCase
Assets/GameMain/Scripts/RunTime/GamePlay/PlayerControl/Vine/MatVineControl.cs,method,if,camelCase
Assets/GameMain/Scripts/RunTime/GamePlay/PlayerControl/Vine/MatVineControl.cs,method,if,camelCase
Assets/GameMain/Scripts/RunTime/GamePlay/PlayerControl/Vine/MatVineControl.cs,method,if,camelCase
Assets/GameMain/Scripts/RunTime/GamePlay/PlayerControl/Vine/MatVineControl.cs,method,if,camelCase
Assets/GameMain/Scripts/RunTime/GamePlay/PlayerControl/Vine/MatVineControl.cs,method,if,camelCase
Assets/GameMain/Scripts/RunTime/GamePlay/PlayerControl/Vine/MatVineControl.cs,method,CheckWall,PascalCase
Assets/GameMain/Scripts/RunTime/GamePlay/PlayerControl/Vine/MatVineControl.cs,method,ChangeToFold,PascalCase
Assets/GameMain/Scripts/RunTime/GamePlay/PlayerControl/Vine/MatVineControl.cs,method,ChangeToUnfold,PascalCase
Assets/GameMain/Scripts/RunTime/GamePlay/PlayerControl/Vine/MatVineControl.cs,method,OnTriggerEnter2D,PascalCase
Assets/GameMain/Scripts/RunTime/GamePlay/PlayerControl/Vine/MatVineControl.cs,private_field,isVerticalFirst,camelCase
Assets/GameMain/Scripts/RunTime/GamePlay/PlayerControl/Vine/MatVineControl.cs,private_field,originalScale,camelCase
Assets/GameMain/Scripts/RunTime/GamePlay/PlayerControl/Vine/MatVineControl.cs,private_field,KeepUnfoldTime,PascalCase
Assets/GameMain/Scripts/RunTime/GamePlay/PlayerControl/Vine/MatVineControl.cs,private_field,KeepUnfoldTimer,PascalCase
Assets/GameMain/Scripts/RunTime/GamePlay/PlayerControl/Vine/MatVineControl.cs,private_field,shakeTime,camelCase
Assets/GameMain/Scripts/RunTime/GamePlay/PlayerControl/Vine/MatVineControl.cs,private_field,m_BoxCollider,m_prefix
Assets/GameMain/Scripts/RunTime/GamePlay/PlayerControl/Vine/MatVineControl.cs,private_field,long_BoxCollider,other
Assets/GameMain/Scripts/RunTime/GamePlay/PlayerControl/Vine/MatVineControl.cs,private_field,m_Animator,m_prefix
Assets/GameMain/Scripts/RunTime/GamePlay/PlayerControl/Vine/MatVineControl.cs,private_field,renderTransform,camelCase
Assets/GameMain/Scripts/RunTime/GamePlay/PlayerControl/Vine/MatVineControl.cs,private_field,initialPosition,camelCase
Assets/GameMain/Scripts/RunTime/GamePlay/PlayerControl/Vine/MatVineControl.cs,private_field,isUnfold,camelCase
Assets/GameMain/Scripts/RunTime/GamePlay/PlayerControl/Vine/MatVineControl.cs,private_field,shakeTimer,camelCase
Assets/GameMain/Scripts/RunTime/GamePlay/PlayerControl/Vine/MatVineControl.cs,public_field,checkDistance,camelCase
Assets/GameMain/Scripts/RunTime/GamePlay/PlayerControl/Vine/MatVineControl.cs,public_field,wallLayer,camelCase
Assets/GameMain/Scripts/RunTime/GamePlay/PlayerControl/Vine/MatVineControl.cs,public_field,shakeAmount,camelCase
Assets/GameMain/Scripts/RunTime/GamePlay/PlayerControl/Vine/MatVineControl.cs,public_field,shakeSpeed,camelCase
Assets/GameMain/Scripts/RunTime/GamePlay/PlayerControl/BeeControl/BeeMainControl.cs,enum,BeeState,PascalCase
Assets/GameMain/Scripts/RunTime/GamePlay/PlayerControl/BeeControl/BeeMainControl.cs,class,BeeMainControl,PascalCase
Assets/GameMain/Scripts/RunTime/GamePlay/PlayerControl/BeeControl/BeeMainControl.cs,method,Awake,PascalCase
Assets/GameMain/Scripts/RunTime/GamePlay/PlayerControl/BeeControl/BeeMainControl.cs,method,Start,PascalCase
Assets/GameMain/Scripts/RunTime/GamePlay/PlayerControl/BeeControl/BeeMainControl.cs,method,OnEnable,PascalCase
Assets/GameMain/Scripts/RunTime/GamePlay/PlayerControl/BeeControl/BeeMainControl.cs,method,OnDisable,PascalCase
Assets/GameMain/Scripts/RunTime/GamePlay/PlayerControl/BeeControl/BeeMainControl.cs,method,Update,PascalCase
Assets/GameMain/Scripts/RunTime/GamePlay/PlayerControl/BeeControl/BeeMainControl.cs,method,FixedUpdate,PascalCase
Assets/GameMain/Scripts/RunTime/GamePlay/PlayerControl/BeeControl/BeeMainControl.cs,method,ChangeState,PascalCase
Assets/GameMain/Scripts/RunTime/GamePlay/PlayerControl/BeeControl/BeeMainControl.cs,method,OnExitState,PascalCase
Assets/GameMain/Scripts/RunTime/GamePlay/PlayerControl/BeeControl/BeeMainControl.cs,method,OnEnterState,PascalCase
Assets/GameMain/Scripts/RunTime/GamePlay/PlayerControl/BeeControl/BeeMainControl.cs,method,ThrowedStEnter,PascalCase
Assets/GameMain/Scripts/RunTime/GamePlay/PlayerControl/BeeControl/BeeMainControl.cs,method,ThrowedStUpdate,PascalCase
Assets/GameMain/Scripts/RunTime/GamePlay/PlayerControl/BeeControl/BeeMainControl.cs,method,ThrowedStExit,PascalCase
Assets/GameMain/Scripts/RunTime/GamePlay/PlayerControl/BeeControl/BeeMainControl.cs,method,FollowStEnter,PascalCase
Assets/GameMain/Scripts/RunTime/GamePlay/PlayerControl/BeeControl/BeeMainControl.cs,method,FollowStUpdate,PascalCase
Assets/GameMain/Scripts/RunTime/GamePlay/PlayerControl/BeeControl/BeeMainControl.cs,method,if,camelCase
Assets/GameMain/Scripts/RunTime/GamePlay/PlayerControl/BeeControl/BeeMainControl.cs,method,FollowStExit,PascalCase
Assets/GameMain/Scripts/RunTime/GamePlay/PlayerControl/BeeControl/BeeMainControl.cs,method,StayStEnter,PascalCase
Assets/GameMain/Scripts/RunTime/GamePlay/PlayerControl/BeeControl/BeeMainControl.cs,method,StayStUpdate,PascalCase
Assets/GameMain/Scripts/RunTime/GamePlay/PlayerControl/BeeControl/BeeMainControl.cs,method,StayStExit,PascalCase
Assets/GameMain/Scripts/RunTime/GamePlay/PlayerControl/BeeControl/BeeMainControl.cs,method,BeeThrow,PascalCase
Assets/GameMain/Scripts/RunTime/GamePlay/PlayerControl/BeeControl/BeeMainControl.cs,method,FaceDirSet,PascalCase
Assets/GameMain/Scripts/RunTime/GamePlay/PlayerControl/BeeControl/BeeMainControl.cs,method,FlashToPosition,PascalCase
Assets/GameMain/Scripts/RunTime/GamePlay/PlayerControl/BeeControl/BeeMainControl.cs,method,FollowPointSet,PascalCase
Assets/GameMain/Scripts/RunTime/GamePlay/PlayerControl/BeeControl/BeeMainControl.cs,method,MoveTowardsTarget,PascalCase
Assets/GameMain/Scripts/RunTime/GamePlay/PlayerControl/BeeControl/BeeMainControl.cs,method,CurrentPointSet,PascalCase
Assets/GameMain/Scripts/RunTime/GamePlay/PlayerControl/BeeControl/BeeMainControl.cs,method,OnPlayerRespawn,PascalCase
Assets/GameMain/Scripts/RunTime/GamePlay/PlayerControl/BeeControl/BeeMainControl.cs,method,GetNoiseOffset,PascalCase
Assets/GameMain/Scripts/RunTime/GamePlay/PlayerControl/BeeControl/BeeMainControl.cs,method,GetSidePos,PascalCase
Assets/GameMain/Scripts/RunTime/GamePlay/PlayerControl/BeeControl/BeeMainControl.cs,method,OnCollisionEnter2D,PascalCase
Assets/GameMain/Scripts/RunTime/GamePlay/PlayerControl/BeeControl/BeeMainControl.cs,method,if,camelCase
Assets/GameMain/Scripts/RunTime/GamePlay/PlayerControl/BeeControl/BeeMainControl.cs,method,if,camelCase
Assets/GameMain/Scripts/RunTime/GamePlay/PlayerControl/BeeControl/BeeMainControl.cs,method,OnCollisionExit2D,PascalCase
Assets/GameMain/Scripts/RunTime/GamePlay/PlayerControl/BeeControl/BeeMainControl.cs,method,OnTriggerEnter2D,PascalCase
Assets/GameMain/Scripts/RunTime/GamePlay/PlayerControl/BeeControl/BeeMainControl.cs,method,if,camelCase
Assets/GameMain/Scripts/RunTime/GamePlay/PlayerControl/BeeControl/BeeMainControl.cs,private_field,player,camelCase
Assets/GameMain/Scripts/RunTime/GamePlay/PlayerControl/BeeControl/BeeMainControl.cs,private_field,m_Transform,m_prefix
Assets/GameMain/Scripts/RunTime/GamePlay/PlayerControl/BeeControl/BeeMainControl.cs,private_field,PlayerPosition,PascalCase
Assets/GameMain/Scripts/RunTime/GamePlay/PlayerControl/BeeControl/BeeMainControl.cs,private_field,m_BeeLdtkControl,m_prefix
Assets/GameMain/Scripts/RunTime/GamePlay/PlayerControl/BeeControl/BeeMainControl.cs,private_field,_timeX,other
Assets/GameMain/Scripts/RunTime/GamePlay/PlayerControl/BeeControl/BeeMainControl.cs,private_field,_timeY,other
Assets/GameMain/Scripts/RunTime/GamePlay/PlayerControl/BeeControl/BeeMainControl.cs,private_field,StayToFollowCdTimer,PascalCase
Assets/GameMain/Scripts/RunTime/GamePlay/PlayerControl/BeeControl/BeeMainControl.cs,private_field,myUniqueVar,camelCase
Assets/GameMain/Scripts/RunTime/GamePlay/PlayerControl/BeeControl/BeeMainControl.cs,private_field,m_Disposables,m_prefix
Assets/GameMain/Scripts/RunTime/GamePlay/PlayerControl/BeeControl/BeeMainControl.cs,public_field,currentState,camelCase
Assets/GameMain/Scripts/RunTime/GamePlay/PlayerControl/BeeControl/BeeMainControl.cs,public_field,m_SpriteRenderer,m_prefix
Assets/GameMain/Scripts/RunTime/GamePlay/PlayerControl/BeeControl/BeeMainControl.cs,public_field,m_RigidBody,m_prefix
Assets/GameMain/Scripts/RunTime/GamePlay/PlayerControl/BeeControl/BeeMainControl.cs,public_field,m_BoxCollider,m_prefix
Assets/GameMain/Scripts/RunTime/GamePlay/PlayerControl/BeeControl/BeeMainControl.cs,public_field,isFollowPlayer,camelCase
Assets/GameMain/Scripts/RunTime/GamePlay/PlayerControl/BeeControl/BeeMainControl.cs,public_field,FollowCheckPoint,PascalCase
Assets/GameMain/Scripts/RunTime/GamePlay/PlayerControl/BeeControl/BeeMainControl.cs,public_field,CheckPointFollowOffset,PascalCase
Assets/GameMain/Scripts/RunTime/GamePlay/PlayerControl/BeeControl/BeeMainControl.cs,public_field,floatRangeX,camelCase
Assets/GameMain/Scripts/RunTime/GamePlay/PlayerControl/BeeControl/BeeMainControl.cs,public_field,floatRangeY,camelCase
Assets/GameMain/Scripts/RunTime/GamePlay/PlayerControl/BeeControl/BeeMainControl.cs,public_field,floatSpeedX,camelCase
Assets/GameMain/Scripts/RunTime/GamePlay/PlayerControl/BeeControl/BeeMainControl.cs,public_field,floatSpeedY,camelCase
Assets/GameMain/Scripts/RunTime/GamePlay/PlayerControl/BeeControl/BeeMainControl.cs,public_field,FollowPoint,PascalCase
Assets/GameMain/Scripts/RunTime/GamePlay/PlayerControl/BeeControl/BeeMainControl.cs,public_field,testPoint,camelCase
Assets/GameMain/Scripts/RunTime/GamePlay/PlayerControl/BeeControl/BeeMainControl.cs,public_field,FollowPointDistance,PascalCase
Assets/GameMain/Scripts/RunTime/GamePlay/PlayerControl/BeeControl/BeeMainControl.cs,public_field,FlashMoveDistance,PascalCase
Assets/GameMain/Scripts/RunTime/GamePlay/PlayerControl/BeeControl/BeeMainControl.cs,public_field,FollowSpeedMult,PascalCase
Assets/GameMain/Scripts/RunTime/GamePlay/PlayerControl/BeeControl/BeeMainControl.cs,public_field,currentSpeed,camelCase
Assets/GameMain/Scripts/RunTime/GamePlay/PlayerControl/BeeControl/BeeMainControl.cs,public_field,StayToFollowCdTime,PascalCase
Assets/GameMain/Scripts/RunTime/GamePlay/PlayerControl/BeeControl/BeeLdtkControl.cs,class,BeeLdtkControl,PascalCase
Assets/GameMain/Scripts/RunTime/GamePlay/PlayerControl/BeeControl/BeeLdtkControl.cs,method,Awake,PascalCase
Assets/GameMain/Scripts/RunTime/GamePlay/PlayerControl/BeeControl/BeeLdtkControl.cs,private_field,m_StartPoint,m_prefix
Assets/GameMain/Scripts/RunTime/GamePlay/PlayerControl/BeeControl/BeeLdtkControl.cs,public_field,currentPoint,camelCase
Assets/GameMain/Scripts/RunTime/GamePlay/PlayerControl/BeeControl/BeeRandomData.cs,class,BeeRandomData,PascalCase
Assets/GameMain/Scripts/RunTime/GamePlay/PlayerControl/BeeControl/BeeRandomData.cs,method,Awake,PascalCase
Assets/GameMain/Scripts/RunTime/GamePlay/PlayerControl/BeeControl/BeeRandomData.cs,method,GenerateUniqueVector2,PascalCase
Assets/GameMain/Scripts/RunTime/GamePlay/PlayerControl/BeeControl/BeeRandomData.cs,method,OnDestroy,PascalCase
Assets/GameMain/Scripts/RunTime/GamePlay/PlayerControl/BeeControl/BeeRandomData.cs,public_field,myUniqueVar,camelCase
Assets/GameMain/Scripts/RunTime/GamePlay/PlayerControl/BeeControl/BeeRandomData.cs,public_field,minDifference,camelCase
Assets/GameMain/Scripts/RunTime/GamePlay/PlayerControl/BeeControl/BeeEvents.cs,class,BeeEvents,PascalCase
Assets/GameMain/Scripts/RunTime/GamePlay/PlayerControl/BeeControl/BeeEvents.cs,method,TriggerBeeAwaken,PascalCase
Assets/GameMain/Scripts/RunTime/GamePlay/PlayerControl/BeeControl/BeeEvents.cs,method,TriggerBeeLeave,PascalCase
Assets/GameMain/Scripts/RunTime/GamePlay/PlayerControl/BeeControl/BeeAnim.cs,class,BeeAnim,PascalCase
Assets/GameMain/Scripts/RunTime/GamePlay/PlayerControl/BeeControl/BeeAnim.cs,method,Start,PascalCase
Assets/GameMain/Scripts/RunTime/GamePlay/PlayerControl/BeeControl/BeeAnim.cs,method,Update,PascalCase
Assets/GameMain/Scripts/RunTime/GamePlay/PlayerControl/BeeControl/BeeAnim.cs,private_field,anim,camelCase
Assets/GameMain/Scripts/RunTime/GamePlay/PlayerControl/BeeControl/BeeAnim.cs,private_field,bmc,camelCase
Assets/GameMain/Scripts/RunTime/GamePlay/PlayerControl/Effect/ParticleEffectInstance.cs,class,ParticleEffectInstance,PascalCase
Assets/GameMain/Scripts/RunTime/GamePlay/PlayerControl/Effect/ParticleEffectInstance.cs,method,Awake,PascalCase
Assets/GameMain/Scripts/RunTime/GamePlay/PlayerControl/Effect/ParticleEffectInstance.cs,method,Init,PascalCase
Assets/GameMain/Scripts/RunTime/GamePlay/PlayerControl/Effect/ParticleEffectInstance.cs,method,Update,PascalCase
Assets/GameMain/Scripts/RunTime/GamePlay/PlayerControl/Effect/ParticleEffectInstance.cs,method,IsAnyParticleAlive,PascalCase
Assets/GameMain/Scripts/RunTime/GamePlay/PlayerControl/Effect/ParticleEffectInstance.cs,method,FinishAndReturn,PascalCase
Assets/GameMain/Scripts/RunTime/GamePlay/PlayerControl/Effect/ParticleEffectInstance.cs,private_field,_childParticles,other
Assets/GameMain/Scripts/RunTime/GamePlay/PlayerControl/Effect/ParticleEffectInstance.cs,private_field,_myPool,other
Assets/GameMain/Scripts/RunTime/GamePlay/PlayerControl/Effect/ParticleEffectInstance.cs,private_field,_isInitialized,other
Assets/GameMain/Scripts/RunTime/GamePlay/PlayerControl/Effect/ParticleEffectInstance.cs,private_field,_timer,other
Assets/GameMain/Scripts/RunTime/GamePlay/PlayerControl/Effect/ParticleEffectInstance.cs,public_field,_maxDuration,other
Assets/GameMain/Scripts/RunTime/GamePlay/PlayerControl/Effect/EffectPoolManager.cs,class,EffectPoolManager,PascalCase
Assets/GameMain/Scripts/RunTime/GamePlay/PlayerControl/Effect/EffectPoolManager.cs,method,Awake,PascalCase
Assets/GameMain/Scripts/RunTime/GamePlay/PlayerControl/Effect/EffectPoolManager.cs,method,InitializePools,PascalCase
Assets/GameMain/Scripts/RunTime/GamePlay/PlayerControl/Effect/EffectPoolManager.cs,method,SpawnEffect,PascalCase
Assets/GameMain/Scripts/RunTime/GamePlay/PlayerControl/Effect/EffectPoolManager.cs,public_field,effectPath,camelCase
Assets/GameMain/Scripts/RunTime/GamePlay/PlayerControl/Effect/EffectPoolManager.cs,public_field,defaultPoolSize,camelCase
Assets/GameMain/Scripts/RunTime/GamePlay/PlayerControl/Effect/EffectPoolManager.cs,public_field,maxPoolSize,camelCase
Assets/GameMain/Scripts/RunTime/GamePlay/PlayerControl/WaveControl/WaveLife.cs,class,WaveLife,PascalCase
Assets/GameMain/Scripts/RunTime/GamePlay/PlayerControl/WaveControl/WaveLife.cs,method,Awake,PascalCase
Assets/GameMain/Scripts/RunTime/GamePlay/PlayerControl/WaveControl/WaveLife.cs,method,Start,PascalCase
Assets/GameMain/Scripts/RunTime/GamePlay/PlayerControl/WaveControl/WaveLife.cs,method,Init,PascalCase
Assets/GameMain/Scripts/RunTime/GamePlay/PlayerControl/WaveControl/WaveLife.cs,method,Update,PascalCase
Assets/GameMain/Scripts/RunTime/GamePlay/PlayerControl/WaveControl/WaveLife.cs,method,SetAlpha,PascalCase
Assets/GameMain/Scripts/RunTime/GamePlay/PlayerControl/WaveControl/WaveLife.cs,method,SetThick,PascalCase
Assets/GameMain/Scripts/RunTime/GamePlay/PlayerControl/WaveControl/WaveLife.cs,method,ReturnToPool,PascalCase
Assets/GameMain/Scripts/RunTime/GamePlay/PlayerControl/WaveControl/WaveLife.cs,private_field,spriteRenderer,camelCase
Assets/GameMain/Scripts/RunTime/GamePlay/PlayerControl/WaveControl/WaveLife.cs,private_field,timer,camelCase
Assets/GameMain/Scripts/RunTime/GamePlay/PlayerControl/WaveControl/WaveLife.cs,private_field,_pool,other
Assets/GameMain/Scripts/RunTime/GamePlay/PlayerControl/WaveControl/WaveLife.cs,private_field,ThickMult,PascalCase
Assets/GameMain/Scripts/RunTime/GamePlay/PlayerControl/WaveControl/WaveLife.cs,private_field,m_MainCamera,m_prefix
Assets/GameMain/Scripts/RunTime/GamePlay/PlayerControl/WaveControl/WaveLife.cs,public_field,maxRadius,camelCase
Assets/GameMain/Scripts/RunTime/GamePlay/PlayerControl/WaveControl/WaveLife.cs,public_field,duration,camelCase
Assets/GameMain/Scripts/RunTime/GamePlay/PlayerControl/WaveControl/WaveLife.cs,public_field,expansionCurve,camelCase
Assets/GameMain/Scripts/RunTime/GamePlay/PlayerControl/WaveControl/WaveLife.cs,public_field,fadeCurve,camelCase
Assets/GameMain/Scripts/RunTime/GamePlay/PlayerControl/WaveControl/WaveLife.cs,public_field,fadeThickCurve,camelCase
Assets/GameMain/Scripts/RunTime/GamePlay/PlayerControl/WaveControl/WaveLife.cs,public_field,sourceID,camelCase
Assets/GameMain/Scripts/RunTime/GamePlay/PlayerControl/WaveControl/WaveLife.cs,public_field,sonarMaterial,camelCase
Assets/GameMain/Scripts/RunTime/GamePlay/PlayerControl/WaveControl/ZoneWaveControl.cs,class,ZoneWaveControl,PascalCase
Assets/GameMain/Scripts/RunTime/GamePlay/PlayerControl/WaveControl/ZoneWaveControl.cs,method,Awake,PascalCase
Assets/GameMain/Scripts/RunTime/GamePlay/PlayerControl/WaveControl/ZoneWaveControl.cs,method,Start,PascalCase
Assets/GameMain/Scripts/RunTime/GamePlay/PlayerControl/WaveControl/ZoneWaveControl.cs,method,Update,PascalCase
Assets/GameMain/Scripts/RunTime/GamePlay/PlayerControl/WaveControl/ZoneWaveControl.cs,method,SetAlpha,PascalCase
Assets/GameMain/Scripts/RunTime/GamePlay/PlayerControl/WaveControl/ZoneWaveControl.cs,private_field,spriteRenderer,camelCase
Assets/GameMain/Scripts/RunTime/GamePlay/PlayerControl/WaveControl/ZoneWaveControl.cs,private_field,timer,camelCase
Assets/GameMain/Scripts/RunTime/GamePlay/PlayerControl/WaveControl/ZoneWaveControl.cs,private_field,initialScale,camelCase
Assets/GameMain/Scripts/RunTime/GamePlay/PlayerControl/WaveControl/ZoneWaveControl.cs,public_field,maxRadius,camelCase
Assets/GameMain/Scripts/RunTime/GamePlay/PlayerControl/WaveControl/ZoneWaveControl.cs,public_field,duration,camelCase
Assets/GameMain/Scripts/RunTime/GamePlay/PlayerControl/WaveControl/ZoneWaveControl.cs,public_field,minMult,camelCase
Assets/GameMain/Scripts/RunTime/GamePlay/PlayerControl/WaveControl/ZoneWaveControl.cs,public_field,maxMult,camelCase
Assets/GameMain/Scripts/RunTime/GamePlay/PlayerControl/WaveControl/ZoneWaveControl.cs,public_field,rMult,camelCase
Assets/GameMain/Scripts/RunTime/GamePlay/PlayerControl/WaveControl/ZoneWaveControl.cs,public_field,expansionCurve,camelCase
Assets/GameMain/Scripts/RunTime/GamePlay/PlayerControl/WaveControl/ZoneWaveControl.cs,public_field,fadeCurve,camelCase
Assets/GameMain/Scripts/RunTime/GamePlay/PlayerControl/WaveControl/WavePoolManager.cs,class,WavePoolManager,PascalCase
Assets/GameMain/Scripts/RunTime/GamePlay/PlayerControl/WaveControl/WavePoolManager.cs,method,Awake,PascalCase
Assets/GameMain/Scripts/RunTime/GamePlay/PlayerControl/WaveControl/WavePoolManager.cs,method,Start,PascalCase
Assets/GameMain/Scripts/RunTime/GamePlay/PlayerControl/WaveControl/WavePoolManager.cs,method,SpawnWave,PascalCase
Assets/GameMain/Scripts/RunTime/GamePlay/PlayerControl/WaveControl/WavePoolManager.cs,private_field,wavePrefab,camelCase
Assets/GameMain/Scripts/RunTime/GamePlay/PlayerControl/WaveControl/WavePoolManager.cs,private_field,defaultSize,camelCase
Assets/GameMain/Scripts/RunTime/GamePlay/PlayerControl/WaveControl/WavePoolManager.cs,private_field,maxSize,camelCase
Assets/GameMain/Scripts/RunTime/GamePlay/PlayerControl/WaveControl/WavePoolManager.cs,private_field,_pool,other
Assets/GameMain/Scripts/RunTime/GamePlay/PlayerControl/PlayerGrapplingHook/GrapplingRope.cs,class,GrapplingRope,PascalCase
Assets/GameMain/Scripts/RunTime/GamePlay/PlayerControl/PlayerGrapplingHook/GrapplingRope.cs,method,Start,PascalCase
Assets/GameMain/Scripts/RunTime/GamePlay/PlayerControl/PlayerGrapplingHook/GrapplingRope.cs,method,Init,PascalCase
Assets/GameMain/Scripts/RunTime/GamePlay/PlayerControl/PlayerGrapplingHook/GrapplingRope.cs,method,LateUpdate,PascalCase
Assets/GameMain/Scripts/RunTime/GamePlay/PlayerControl/PlayerGrapplingHook/GrapplingRope.cs,method,DrawRope,PascalCase
Assets/GameMain/Scripts/RunTime/GamePlay/PlayerControl/PlayerGrapplingHook/GrapplingRope.cs,private_field,m_Owner,m_prefix
Assets/GameMain/Scripts/RunTime/GamePlay/PlayerControl/PlayerGrapplingHook/GrapplingRope.cs,private_field,m_PlayerControlComponent,m_prefix
Assets/GameMain/Scripts/RunTime/GamePlay/PlayerControl/PlayerGrapplingHook/GrapplingRope.cs,private_field,m_LineRenderer,m_prefix
Assets/GameMain/Scripts/RunTime/GamePlay/PlayerControl/PlayerGrapplingHook/GrapplingRope.cs,private_field,m_Spring,m_prefix
Assets/GameMain/Scripts/RunTime/GamePlay/PlayerControl/PlayerGrapplingHook/GrapplingRope.cs,public_field,m_CurrentAnimGrapplePosition,m_prefix
Assets/GameMain/Scripts/RunTime/GamePlay/PlayerControl/PlayerGrapplingHook/GrapplingRope.cs,public_field,m_EnableAnimLerp,m_prefix
Assets/GameMain/Scripts/RunTime/GamePlay/PlayerControl/PlayerGrapplingHook/GrapplingRope.cs,public_field,m_Quality,m_prefix
Assets/GameMain/Scripts/RunTime/GamePlay/PlayerControl/PlayerGrapplingHook/GrapplingRope.cs,public_field,m_Damper,m_prefix
Assets/GameMain/Scripts/RunTime/GamePlay/PlayerControl/PlayerGrapplingHook/GrapplingRope.cs,public_field,m_Strength,m_prefix
Assets/GameMain/Scripts/RunTime/GamePlay/PlayerControl/PlayerGrapplingHook/GrapplingRope.cs,public_field,m_Velocity,m_prefix
Assets/GameMain/Scripts/RunTime/GamePlay/PlayerControl/PlayerGrapplingHook/GrapplingRope.cs,public_field,m_RopeAnimSpeed,m_prefix
Assets/GameMain/Scripts/RunTime/GamePlay/PlayerControl/PlayerGrapplingHook/GrapplingRope.cs,public_field,m_WaveCount,m_prefix
Assets/GameMain/Scripts/RunTime/GamePlay/PlayerControl/PlayerGrapplingHook/GrapplingRope.cs,public_field,m_WaveHeight,m_prefix
Assets/GameMain/Scripts/RunTime/GamePlay/PlayerControl/PlayerGrapplingHook/GrapplingRope.cs,public_field,m_AffectCurve,m_prefix
Assets/GameMain/Scripts/RunTime/GamePlay/PlayerControl/PlayerGrapplingHook/GrapplingRope.cs,public_field,debug_RopeStartPosition,other
Assets/GameMain/Scripts/RunTime/GamePlay/PlayerControl/PlayerGrapplingHook/GrapplingRope.cs,public_field,debug_RopeEndPosition,other
Assets/GameMain/Scripts/RunTime/GamePlay/PlayerControl/PlayerGrapplingHook/GrapplingRope.cs,public_field,debug_CurrentAnimGrapplePosition,other
Assets/GameMain/Scripts/RunTime/GamePlay/PlayerControl/PlayerGrapplingHook/GrapplingRope.cs,public_field,debug_TimeScale,other
Assets/GameMain/Scripts/RunTime/GamePlay/PlayerControl/PlayerGrapplingHook/Spring.cs,class,Spring,PascalCase
Assets/GameMain/Scripts/RunTime/GamePlay/PlayerControl/PlayerGrapplingHook/Spring.cs,method,Update,PascalCase
Assets/GameMain/Scripts/RunTime/GamePlay/PlayerControl/PlayerGrapplingHook/Spring.cs,method,Reset,PascalCase
Assets/GameMain/Scripts/RunTime/GamePlay/PlayerControl/PlayerGrapplingHook/Spring.cs,method,SetValue,PascalCase
Assets/GameMain/Scripts/RunTime/GamePlay/PlayerControl/PlayerGrapplingHook/Spring.cs,method,SetTarget,PascalCase
Assets/GameMain/Scripts/RunTime/GamePlay/PlayerControl/PlayerGrapplingHook/Spring.cs,method,SetDamper,PascalCase
Assets/GameMain/Scripts/RunTime/GamePlay/PlayerControl/PlayerGrapplingHook/Spring.cs,method,SetStrength,PascalCase
Assets/GameMain/Scripts/RunTime/GamePlay/PlayerControl/PlayerGrapplingHook/Spring.cs,method,SetVelocity,PascalCase
Assets/GameMain/Scripts/RunTime/GamePlay/PlayerControl/PlayerGrapplingHook/Spring.cs,private_field,m_Strength,m_prefix
Assets/GameMain/Scripts/RunTime/GamePlay/PlayerControl/PlayerGrapplingHook/Spring.cs,private_field,m_Damper,m_prefix
Assets/GameMain/Scripts/RunTime/GamePlay/PlayerControl/PlayerGrapplingHook/Spring.cs,private_field,m_Target,m_prefix
Assets/GameMain/Scripts/RunTime/GamePlay/PlayerControl/PlayerGrapplingHook/Spring.cs,private_field,m_Velocity,m_prefix
Assets/GameMain/Scripts/RunTime/GamePlay/PlayerControl/PlayerGrapplingHook/Spring.cs,private_field,m_Value,m_prefix
Assets/GameMain/Scripts/RunTime/GamePlay/PlayerControl/PlayerGrapplingHook/Spring.cs,public_field,Value,PascalCase
Assets/GameMain/Scripts/RunTime/GamePlay/PlayerControl/MatDoor/MatDoorControl.cs,class,MatDoorControl,PascalCase
Assets/GameMain/Scripts/RunTime/GamePlay/PlayerControl/MatDoor/MatDoorControl.cs,method,Start,PascalCase
Assets/GameMain/Scripts/RunTime/GamePlay/PlayerControl/MatDoor/MatDoorControl.cs,method,Update,PascalCase
Assets/GameMain/Scripts/RunTime/GamePlay/PlayerControl/MatDoor/MatDoorControl.cs,method,CloseDown,PascalCase
Assets/GameMain/Scripts/RunTime/GamePlay/PlayerControl/MatDoor/MatDoorControl.cs,method,ColdDownClear,PascalCase
Assets/GameMain/Scripts/RunTime/GamePlay/PlayerControl/MatDoor/MatDoorControl.cs,method,UnlockUp,PascalCase
Assets/GameMain/Scripts/RunTime/GamePlay/PlayerControl/MatDoor/MatDoorControl.cs,method,OnTriggerEnter2D,PascalCase
Assets/GameMain/Scripts/RunTime/GamePlay/PlayerControl/MatDoor/MatDoorControl.cs,method,OnTriggerStay2D,PascalCase
Assets/GameMain/Scripts/RunTime/GamePlay/PlayerControl/MatDoor/MatDoorControl.cs,method,OnTriggerExit2D,PascalCase
Assets/GameMain/Scripts/RunTime/GamePlay/PlayerControl/MatDoor/MatDoorControl.cs,private_field,LockCount,PascalCase
Assets/GameMain/Scripts/RunTime/GamePlay/PlayerControl/MatDoor/MatDoorControl.cs,private_field,m_UnlockCount,m_prefix
Assets/GameMain/Scripts/RunTime/GamePlay/PlayerControl/MatDoor/MatDoorControl.cs,private_field,isUnlock,camelCase
Assets/GameMain/Scripts/RunTime/GamePlay/PlayerControl/MatDoor/MatDoorControl.cs,private_field,isCanClose,camelCase
Assets/GameMain/Scripts/RunTime/GamePlay/PlayerControl/MatDoor/MatDoorControl.cs,private_field,ColdDownTime,PascalCase
Assets/GameMain/Scripts/RunTime/GamePlay/PlayerControl/MatDoor/MatDoorControl.cs,private_field,ColdDownTimer,PascalCase
Assets/GameMain/Scripts/RunTime/GamePlay/PlayerControl/MatDoor/MatDoorControl.cs,private_field,CloseDownTime,PascalCase
Assets/GameMain/Scripts/RunTime/GamePlay/PlayerControl/MatDoor/MatDoorControl.cs,private_field,CloseDownTimer,PascalCase
Assets/GameMain/Scripts/RunTime/GamePlay/PlayerControl/MatDoor/MatDoorControl.cs,private_field,doorRenderer,camelCase
Assets/GameMain/Scripts/RunTime/GamePlay/PlayerControl/MatDoor/MatDoorControl.cs,private_field,lineRender,camelCase
Assets/GameMain/Scripts/RunTime/GamePlay/PlayerControl/MatDoor/MatDoorControl.cs,private_field,m_Animator,m_prefix
Assets/GameMain/Scripts/RunTime/GamePlay/PlayerControl/MatDoor/MatDoorControl.cs,private_field,m_BoxCollider,m_prefix
Assets/GameMain/Scripts/RunTime/GamePlay/PlayerControl/MatDoor/MatDoorControl.cs,private_field,processedWaveIDs,camelCase
Assets/GameMain/Scripts/RunTime/GamePlay/PlayerControl/Ore/MatOreControl.cs,class,MatOreControl,PascalCase
Assets/GameMain/Scripts/RunTime/GamePlay/PlayerControl/Ore/MatOreControl.cs,method,Awake,PascalCase
Assets/GameMain/Scripts/RunTime/GamePlay/PlayerControl/Ore/MatOreControl.cs,method,Start,PascalCase
Assets/GameMain/Scripts/RunTime/GamePlay/PlayerControl/Ore/MatOreControl.cs,method,Update,PascalCase
Assets/GameMain/Scripts/RunTime/GamePlay/PlayerControl/Ore/MatOreControl.cs,method,AlignToWall,PascalCase
Assets/GameMain/Scripts/RunTime/GamePlay/PlayerControl/Ore/MatOreControl.cs,method,if,camelCase
Assets/GameMain/Scripts/RunTime/GamePlay/PlayerControl/Ore/MatOreControl.cs,method,if,camelCase
Assets/GameMain/Scripts/RunTime/GamePlay/PlayerControl/Ore/MatOreControl.cs,method,if,camelCase
Assets/GameMain/Scripts/RunTime/GamePlay/PlayerControl/Ore/MatOreControl.cs,method,if,camelCase
Assets/GameMain/Scripts/RunTime/GamePlay/PlayerControl/Ore/MatOreControl.cs,method,if,camelCase
Assets/GameMain/Scripts/RunTime/GamePlay/PlayerControl/Ore/MatOreControl.cs,method,DoFade,PascalCase
Assets/GameMain/Scripts/RunTime/GamePlay/PlayerControl/Ore/MatOreControl.cs,method,CheckWall,PascalCase
Assets/GameMain/Scripts/RunTime/GamePlay/PlayerControl/Ore/MatOreControl.cs,method,ChangeToOff,PascalCase
Assets/GameMain/Scripts/RunTime/GamePlay/PlayerControl/Ore/MatOreControl.cs,method,ChangeToOn,PascalCase
Assets/GameMain/Scripts/RunTime/GamePlay/PlayerControl/Ore/MatOreControl.cs,method,OnTriggerEnter2D,PascalCase
Assets/GameMain/Scripts/RunTime/GamePlay/PlayerControl/Ore/MatOreControl.cs,method,OnCollisionEnter2D,PascalCase
Assets/GameMain/Scripts/RunTime/GamePlay/PlayerControl/Ore/MatOreControl.cs,private_field,isVerticalFirst,camelCase
Assets/GameMain/Scripts/RunTime/GamePlay/PlayerControl/Ore/MatOreControl.cs,private_field,WavePre,PascalCase
Assets/GameMain/Scripts/RunTime/GamePlay/PlayerControl/Ore/MatOreControl.cs,private_field,ColdDownTime,PascalCase
Assets/GameMain/Scripts/RunTime/GamePlay/PlayerControl/Ore/MatOreControl.cs,private_field,ColdDownTimer,PascalCase
Assets/GameMain/Scripts/RunTime/GamePlay/PlayerControl/Ore/MatOreControl.cs,private_field,originalScale,camelCase
Assets/GameMain/Scripts/RunTime/GamePlay/PlayerControl/Ore/MatOreControl.cs,private_field,m_Animator,m_prefix
Assets/GameMain/Scripts/RunTime/GamePlay/PlayerControl/Ore/MatOreControl.cs,private_field,isOn,camelCase
Assets/GameMain/Scripts/RunTime/GamePlay/PlayerControl/Ore/MatOreControl.cs,private_field,childRenderer,camelCase
Assets/GameMain/Scripts/RunTime/GamePlay/PlayerControl/Ore/MatOreControl.cs,private_field,fadeCoroutine,camelCase
Assets/GameMain/Scripts/RunTime/GamePlay/PlayerControl/Ore/MatOreControl.cs,public_field,checkDistance,camelCase
Assets/GameMain/Scripts/RunTime/GamePlay/PlayerControl/Ore/MatOreControl.cs,public_field,wallLayer,camelCase
Assets/GameMain/Scripts/RunTime/GamePlay/PlayerControl/Ore/MatOreControl.cs,public_field,fadeToZeroSpeed,camelCase
Assets/GameMain/Scripts/RunTime/GamePlay/PlayerControl/Ore/MatOreControl.cs,public_field,fadeToOneSpeed,camelCase
Assets/GameMain/Scripts/RunTime/GamePlay/PlayerControl/Ore/MatOreControl.cs,public_field,WaveRadius,PascalCase
Assets/GameMain/Scripts/RunTime/GamePlay/PlayerControl/Ore/MatOreControl.cs,public_field,WaveDur,PascalCase
Assets/GameMain/Scripts/RunTime/GamePlay/PlayerControl/OrchidCollection/MatCollectionControl.cs,class,MatCollectionControl,PascalCase
Assets/GameMain/Scripts/RunTime/GamePlay/PlayerControl/OrchidCollection/MatCollectionControl.cs,method,Start,PascalCase
Assets/GameMain/Scripts/RunTime/GamePlay/PlayerControl/OrchidCollection/MatCollectionControl.cs,method,Update,PascalCase
Assets/GameMain/Scripts/RunTime/GamePlay/PlayerControl/OrchidCollection/MatCollectionControl.cs,method,ChangeToBloom,PascalCase
Assets/GameMain/Scripts/RunTime/GamePlay/PlayerControl/OrchidCollection/MatCollectionControl.cs,method,OnTriggerEnter2D,PascalCase
Assets/GameMain/Scripts/RunTime/GamePlay/PlayerControl/OrchidCollection/MatCollectionControl.cs,private_field,isBloom,camelCase
Assets/GameMain/Scripts/RunTime/GamePlay/PlayerControl/OrchidCollection/MatCollectionControl.cs,private_field,m_Animator,m_prefix
Assets/GameMain/Scripts/RunTime/UI/SuperText/TextDevelopSceneScript.cs,class,TextDevelopSceneScript,PascalCase
Assets/GameMain/Scripts/RunTime/UI/SuperText/TextDevelopSceneScript.cs,method,Update,PascalCase
Assets/GameMain/Scripts/RunTime/UI/SuperText/ParseResult.cs,struct,ParseResult,PascalCase
Assets/GameMain/Scripts/RunTime/UI/SuperText/ParseResult.cs,method,ParseResult,PascalCase
Assets/GameMain/Scripts/RunTime/UI/SuperText/ParseResult.cs,public_field,CleanText,PascalCase
Assets/GameMain/Scripts/RunTime/UI/SuperText/ParseResult.cs,public_field,Spans,PascalCase
Assets/GameMain/Scripts/RunTime/UI/SuperText/ICharacterEffect.cs,interface,ICharacterEffect,PascalCase
Assets/GameMain/Scripts/RunTime/UI/SuperText/EffectSpan.cs,struct,EffectSpan,PascalCase
Assets/GameMain/Scripts/RunTime/UI/SuperText/EffectSpan.cs,method,EffectSpan,PascalCase
Assets/GameMain/Scripts/RunTime/UI/SuperText/EffectSpan.cs,public_field,StartVisibleIndex,PascalCase
Assets/GameMain/Scripts/RunTime/UI/SuperText/EffectSpan.cs,public_field,EndVisibleIndex,PascalCase
Assets/GameMain/Scripts/RunTime/UI/SuperText/EffectSpan.cs,public_field,TagName,PascalCase
Assets/GameMain/Scripts/RunTime/UI/SuperText/EffectTextRenderer.cs,class,EffectTextRenderer,PascalCase
Assets/GameMain/Scripts/RunTime/UI/SuperText/EffectTextRenderer.cs,struct,EffectSpanInstance,PascalCase
Assets/GameMain/Scripts/RunTime/UI/SuperText/EffectTextRenderer.cs,method,ShowText,PascalCase
Assets/GameMain/Scripts/RunTime/UI/SuperText/EffectTextRenderer.cs,method,Clear,PascalCase
Assets/GameMain/Scripts/RunTime/UI/SuperText/EffectTextRenderer.cs,method,SkipToEnd,PascalCase
Assets/GameMain/Scripts/RunTime/UI/SuperText/EffectTextRenderer.cs,method,WaitForCompleteAsync,PascalCase
Assets/GameMain/Scripts/RunTime/UI/SuperText/EffectTextRenderer.cs,method,ComputeRevealedCount,PascalCase
Assets/GameMain/Scripts/RunTime/UI/SuperText/EffectTextRenderer.cs,method,Awake,PascalCase
Assets/GameMain/Scripts/RunTime/UI/SuperText/EffectTextRenderer.cs,method,Start,PascalCase
Assets/GameMain/Scripts/RunTime/UI/SuperText/EffectTextRenderer.cs,method,Update,PascalCase
Assets/GameMain/Scripts/RunTime/UI/SuperText/EffectTextRenderer.cs,method,EnsureTextComponent,PascalCase
Assets/GameMain/Scripts/RunTime/UI/SuperText/EffectTextRenderer.cs,method,BuildTypewriterSchedule,PascalCase
Assets/GameMain/Scripts/RunTime/UI/SuperText/EffectTextRenderer.cs,method,BuildCharacterEffectSpans,PascalCase
Assets/GameMain/Scripts/RunTime/UI/SuperText/EffectTextRenderer.cs,method,CacheBaselineMeshData,PascalCase
Assets/GameMain/Scripts/RunTime/UI/SuperText/EffectTextRenderer.cs,method,SyncMesh,PascalCase
Assets/GameMain/Scripts/RunTime/UI/SuperText/EffectTextRenderer.cs,method,ApplyVisibilityColorsAndBaseVertices,PascalCase
Assets/GameMain/Scripts/RunTime/UI/SuperText/EffectTextRenderer.cs,method,ApplyCharacterEffects,PascalCase
Assets/GameMain/Scripts/RunTime/UI/SuperText/EffectTextRenderer.cs,method,ScheduledRevealCount,PascalCase
Assets/GameMain/Scripts/RunTime/UI/SuperText/EffectTextRenderer.cs,method,EffectSpanInstance,PascalCase
Assets/GameMain/Scripts/RunTime/UI/SuperText/EffectTextRenderer.cs,private_field,m_TmpText,m_prefix
Assets/GameMain/Scripts/RunTime/UI/SuperText/EffectTextRenderer.cs,private_field,m_GlobalCharsPerSecond,m_prefix
Assets/GameMain/Scripts/RunTime/UI/SuperText/EffectTextRenderer.cs,private_field,m_PlayOnStart,m_prefix
Assets/GameMain/Scripts/RunTime/UI/SuperText/EffectTextRenderer.cs,private_field,m_InitialMarkup,m_prefix
Assets/GameMain/Scripts/RunTime/UI/SuperText/EffectTextRenderer.cs,private_field,m_EffectSpans,m_prefix
Assets/GameMain/Scripts/RunTime/UI/SuperText/EffectTextRenderer.cs,private_field,m_TypewriterSchedule,m_prefix
Assets/GameMain/Scripts/RunTime/UI/SuperText/EffectTextRenderer.cs,private_field,m_BaselineVertices,m_prefix
Assets/GameMain/Scripts/RunTime/UI/SuperText/EffectTextRenderer.cs,private_field,m_BaselineColors,m_prefix
Assets/GameMain/Scripts/RunTime/UI/SuperText/EffectTextRenderer.cs,private_field,m_HasTypewriterSpan,m_prefix
Assets/GameMain/Scripts/RunTime/UI/SuperText/EffectTextRenderer.cs,private_field,m_HasCharacterEffects,m_prefix
Assets/GameMain/Scripts/RunTime/UI/SuperText/EffectTextRenderer.cs,private_field,m_TotalVisibleChars,m_prefix
Assets/GameMain/Scripts/RunTime/UI/SuperText/EffectTextRenderer.cs,private_field,m_RevealedCount,m_prefix
Assets/GameMain/Scripts/RunTime/UI/SuperText/EffectTextRenderer.cs,private_field,m_Elapsed,m_prefix
Assets/GameMain/Scripts/RunTime/UI/SuperText/EffectTextRenderer.cs,private_field,m_IsRevealing,m_prefix
Assets/GameMain/Scripts/RunTime/UI/SuperText/CharacterEffectContext.cs,struct,CharacterEffectContext,PascalCase
Assets/GameMain/Scripts/RunTime/UI/SuperText/CharacterEffectContext.cs,public_field,Vertices,PascalCase
Assets/GameMain/Scripts/RunTime/UI/SuperText/CharacterEffectContext.cs,public_field,Colors,PascalCase
Assets/GameMain/Scripts/RunTime/UI/SuperText/CharacterEffectContext.cs,public_field,VertexIndex,PascalCase
Assets/GameMain/Scripts/RunTime/UI/SuperText/CharacterEffectContext.cs,public_field,VisibleCharIndex,PascalCase
Assets/GameMain/Scripts/RunTime/UI/SuperText/CharacterEffectContext.cs,public_field,TotalTime,PascalCase
Assets/GameMain/Scripts/RunTime/UI/SuperText/CharacterEffectRegistry.cs,class,CharacterEffectRegistry,PascalCase
Assets/GameMain/Scripts/RunTime/UI/SuperText/CharacterEffectRegistry.cs,method,Register,PascalCase
Assets/GameMain/Scripts/RunTime/UI/SuperText/CharacterEffectRegistry.cs,method,IsRegistered,PascalCase
Assets/GameMain/Scripts/RunTime/UI/SuperText/CharacterEffectRegistry.cs,method,Create,PascalCase
Assets/GameMain/Scripts/RunTime/UI/SuperText/ColorFlowEffect.cs,class,ColorFlowEffect,PascalCase
Assets/GameMain/Scripts/RunTime/UI/SuperText/ColorFlowEffect.cs,struct,ColorFlowParams,PascalCase
Assets/GameMain/Scripts/RunTime/UI/SuperText/ColorFlowEffect.cs,method,Apply,PascalCase
Assets/GameMain/Scripts/RunTime/UI/SuperText/ColorFlowEffect.cs,method,EvaluatePalette,PascalCase
Assets/GameMain/Scripts/RunTime/UI/SuperText/ColorFlowEffect.cs,method,ColorFlowParams,PascalCase
Assets/GameMain/Scripts/RunTime/UI/SuperText/ColorFlowEffect.cs,method,Parse,PascalCase
Assets/GameMain/Scripts/RunTime/UI/SuperText/ColorFlowEffect.cs,private_field,m_Initialized,m_prefix
Assets/GameMain/Scripts/RunTime/UI/SuperText/ColorFlowEffect.cs,private_field,m_Params,m_prefix
Assets/GameMain/Scripts/RunTime/UI/SuperText/RichTextTagParser.cs,class,RichTextTagParser,PascalCase
Assets/GameMain/Scripts/RunTime/UI/SuperText/RichTextTagParser.cs,struct,OpenSpan,PascalCase
Assets/GameMain/Scripts/RunTime/UI/SuperText/RichTextTagParser.cs,method,Parse,PascalCase
Assets/GameMain/Scripts/RunTime/UI/SuperText/RichTextTagParser.cs,method,CloseSpan,PascalCase
Assets/GameMain/Scripts/RunTime/UI/SuperText/RichTextTagParser.cs,method,StackContainsTag,PascalCase
Assets/GameMain/Scripts/RunTime/UI/SuperText/RichTextTagParser.cs,method,OpenSpan,PascalCase
Assets/GameMain/Scripts/RunTime/UI/SuperText/RichTextTagParser.cs,method,IsKnownTag,PascalCase
Assets/GameMain/Scripts/RunTime/UI/SuperText/ShakeEffect.cs,class,ShakeEffect,PascalCase
Assets/GameMain/Scripts/RunTime/UI/SuperText/ShakeEffect.cs,struct,ShakeParams,PascalCase
Assets/GameMain/Scripts/RunTime/UI/SuperText/ShakeEffect.cs,method,Apply,PascalCase
Assets/GameMain/Scripts/RunTime/UI/SuperText/ShakeEffect.cs,method,ShakeParams,PascalCase
Assets/GameMain/Scripts/RunTime/UI/SuperText/ShakeEffect.cs,method,Parse,PascalCase
Assets/GameMain/Scripts/RunTime/UI/SuperText/ShakeEffect.cs,private_field,m_Initialized,m_prefix
Assets/GameMain/Scripts/RunTime/UI/SuperText/ShakeEffect.cs,private_field,m_Params,m_prefix
Assets/GameMain/LDtkProject/gm_ldtk_project/GmLDtkEnums.cs,enum,CameraMode,PascalCase
Assets/Tests/PlayMode/SaveSystemPlayModeTests.cs,class,SaveSystemPlayModeTests,PascalCase
Assets/Tests/PlayMode/SaveSystemPlayModeTests.cs,method,VgSaveSystem_PersistsAcrossSceneLoads,other
Assets/Tests/PlayMode/SaveSystemPlayModeTests.cs,method,VgSaveSystem_UsesPersistentDataPath_InRuntimeMode,other
Assets/Tests/Editor/UI/SuperText/TypewriterScheduleTests.cs,class,TypewriterScheduleTests,PascalCase
Assets/Tests/Editor/UI/SuperText/TypewriterScheduleTests.cs,method,ComputeRevealedCount_ZeroElapsed_ReturnsZero,other
Assets/Tests/Editor/UI/SuperText/TypewriterScheduleTests.cs,method,ComputeRevealedCount_MidReveal_ReturnsIntermediateCount,other
Assets/Tests/Editor/UI/SuperText/TypewriterScheduleTests.cs,method,ComputeRevealedCount_ElapsedPastDuration_SaturatesAtTotal,other
Assets/Tests/Editor/UI/SuperText/TypewriterScheduleTests.cs,method,ComputeRevealedCount_NegativeChars_ReturnsZero,other
Assets/Tests/Editor/UI/SuperText/TypewriterScheduleTests.cs,method,ComputeRevealedCount_ZeroTotal_ReturnsZero,other
Assets/Tests/Editor/UI/SuperText/RichTextTagParserTests.cs,class,RichTextTagParserTests,PascalCase
Assets/Tests/Editor/UI/SuperText/RichTextTagParserTests.cs,method,Parse_PlainText_ReturnsTextUnchangedWithNoSpans,other
Assets/Tests/Editor/UI/SuperText/RichTextTagParserTests.cs,method,Parse_TypewriterSpan_StripsTagsAndProducesSpan,other
Assets/Tests/Editor/UI/SuperText/RichTextTagParserTests.cs,method,Parse_TmpNativeTag_IsKeptInCleanTextAndNotCounted,other
Assets/Tests/Editor/UI/SuperText/RichTextTagParserTests.cs,method,Parse_EmptyInput_ReturnsEmptyResult,other
Assets/Tests/Editor/UI/SuperText/RichTextTagParserTests.cs,method,Parse_ShakeSpanWithAttributes_StripsTagsAndCapturesParams,other
Assets/Tests/Editor/UI/SuperText/RichTextTagParserTests.cs,method,Parse_ShakeSpanWithoutAttributes_IsLegalAndProducesEmptyAttributes,other
Assets/Tests/Editor/UI/SuperText/RichTextTagParserTests.cs,method,Parse_NestedTags_ProduceCorrectSpans,other
Assets/Tests/Editor/UI/SuperText/RichTextTagParserTests.cs,method,Parse_AdjacentTags_ProduceCorrectSpans,other
Assets/Tests/Editor/UI/SuperText/RichTextTagParserTests.cs,method,Parse_UnknownTag_TreatedAsLiteralWithNoSpans,other
Assets/Tests/Editor/UI/SuperText/RichTextTagParserTests.cs,method,Parse_UnclosedTag_ExtendsToEndAndWarns,other
Assets/Tests/Editor/UI/SuperText/RichTextTagParserTests.cs,method,Parse_Escape_ProducesLiteralBracket,other
Assets/Tests/Editor/UI/SuperText/RichTextTagParserTests.cs,method,Parse_PureWhitespace_PreservedWithNoSpans,other
Assets/Core/ConsoleUtilities/ConsoleCommands.Testing.cs,class,ConsoleCommands,PascalCase
Assets/Core/ConsoleUtilities/ConsoleCommands.Testing.cs,method,LoadAndPlace,PascalCase
Assets/Core/ConsoleUtilities/ConsoleCommands.Testing.cs,method,PrintAddressableInfo,PascalCase
Assets/Core/Logger/LogSystem.cs,enum,LogLevel,PascalCase
Assets/Core/Logger/LogSystem.cs,class,CLogger,PascalCase
Assets/Core/Logger/LogSystem.cs,method,SetLogLevel,PascalCase
Assets/Core/Logger/LogSystem.cs,method,LogVerbose,PascalCase
Assets/Core/Logger/LogSystem.cs,method,LogInfo,PascalCase
Assets/Core/Logger/LogSystem.cs,method,Conditional,PascalCase
Assets/Core/Logger/LogSystem.cs,method,Conditional,PascalCase
Assets/Core/Logger/LogSystem.cs,method,ShouldLog,PascalCase
Assets/Core/Logger/LogSystem.cs,method,EnsureRootColors,PascalCase
Assets/Core/Logger/LogSystem.cs,method,GetTagColorAtDepth,PascalCase
Assets/Core/Logger/LogSystem.cs,method,ColorToHex,PascalCase
Assets/Core/Logger/LogSystem.cs,method,Output,PascalCase
Assets/Core/Logger/LogSystem.cs,method,GetCallingAssemblyName,PascalCase
Assets/Core/Logger/LogTag.cs,class,LogTag,PascalCase
Assets/Core/Logger/LogTag.cs,method,LogTag,PascalCase
Assets/Core/Input/InputSettings.cs,class,InputSettings,PascalCase
Assets/Core/Input/InputSettings.cs,method,Load,PascalCase
Assets/Core/Input/InputSettings.cs,public_field,mouseSensitivity,camelCase
Assets/Core/Input/InputSettings.cs,public_field,gamepadSensitivity,camelCase
Assets/Core/Input/InputSettings.cs,public_field,invertMouseY,camelCase
Assets/Core/Input/InputSettings.cs,public_field,invertGamepadY,camelCase
Assets/Core/Input/InputEvents.cs,class,InputEventArgs,PascalCase
Assets/Core/Input/InputEvents.cs,class,AxisEventArgs,PascalCase
Assets/Core/Input/InputEvents.cs,class,InputEvents,PascalCase
Assets/Core/Input/InputEvents.cs,class,InputBuffer,PascalCase
Assets/Core/Input/InputEvents.cs,struct,InputRecord,PascalCase
Assets/Core/Input/InputEvents.cs,method,InputEventArgs,PascalCase
Assets/Core/Input/InputEvents.cs,method,AxisEventArgs,PascalCase
Assets/Core/Input/InputEvents.cs,method,TriggerButtonPressed,PascalCase
Assets/Core/Input/InputEvents.cs,method,TriggerButtonHeld,PascalCase
Assets/Core/Input/InputEvents.cs,method,TriggerButtonReleased,PascalCase
Assets/Core/Input/InputEvents.cs,method,TriggerAxisChanged,PascalCase
Assets/Core/Input/InputEvents.cs,method,ClearAllEvents,PascalCase
Assets/Core/Input/InputEvents.cs,method,SubscribeToAction,PascalCase
Assets/Core/Input/InputEvents.cs,method,SubscribeToAxis,PascalCase
Assets/Core/Input/InputEvents.cs,method,InputBuffer,PascalCase
Assets/Core/Input/InputEvents.cs,method,AddInput,PascalCase
Assets/Core/Input/InputEvents.cs,method,HasSequence,PascalCase
Assets/Core/Input/InputEvents.cs,method,HasRecentInput,PascalCase
Assets/Core/Input/InputEvents.cs,method,Clear,PascalCase
Assets/Core/Input/InputEvents.cs,method,CleanOldInputs,PascalCase
Assets/Core/Input/InputEvents.cs,private_field,bufferTime,camelCase
Assets/Core/Input/InputEvents.cs,public_field,action,camelCase
Assets/Core/Input/InputEvents.cs,public_field,timestamp,camelCase
Assets/Core/Input/InputEvents.cs,public_field,Count,PascalCase
Assets/Core/Input/VgInputActions.cs,struct,GameplayActions,PascalCase
Assets/Core/Input/VgInputActions.cs,interface,IGameplayActions,PascalCase
Assets/Core/Input/VgInputActions.cs,method,Dispose,PascalCase
Assets/Core/Input/VgInputActions.cs,method,Contains,PascalCase
Assets/Core/Input/VgInputActions.cs,method,GetEnumerator,PascalCase
Assets/Core/Input/VgInputActions.cs,method,Enable,PascalCase
Assets/Core/Input/VgInputActions.cs,method,Disable,PascalCase
Assets/Core/Input/VgInputActions.cs,method,FindAction,PascalCase
Assets/Core/Input/VgInputActions.cs,method,FindBinding,PascalCase
Assets/Core/Input/VgInputActions.cs,method,GameplayActions,PascalCase
Assets/Core/Input/VgInputActions.cs,method,Get,PascalCase
Assets/Core/Input/VgInputActions.cs,method,Enable,PascalCase
Assets/Core/Input/VgInputActions.cs,method,Disable,PascalCase
Assets/Core/Input/VgInputActions.cs,method,AddCallbacks,PascalCase
Assets/Core/Input/VgInputActions.cs,method,UnregisterCallbacks,PascalCase
Assets/Core/Input/VgInputActions.cs,method,RemoveCallbacks,PascalCase
Assets/Core/Input/VgInputActions.cs,method,SetCallbacks,PascalCase
Assets/Core/Input/VgInputActions.cs,private_field,m_Gameplay,m_prefix
Assets/Core/Input/VgInputActions.cs,private_field,m_GameplayActionsCallbackInterfaces,m_prefix
Assets/Core/Input/VgInputActions.cs,private_field,m_Gameplay_Jump,m_prefix
Assets/Core/Input/VgInputActions.cs,private_field,m_Gameplay_Move,m_prefix
Assets/Core/Input/VgInputActions.cs,private_field,m_Gameplay_Look,m_prefix
Assets/Core/Input/VgInputActions.cs,private_field,m_Gameplay_RightStick,m_prefix
Assets/Core/Input/VgInputActions.cs,private_field,m_Gameplay_ScrollWheel,m_prefix
Assets/Core/Input/VgInputActions.cs,private_field,m_Gameplay_LeftTrigger,m_prefix
Assets/Core/Input/VgInputActions.cs,private_field,m_Gameplay_RightTrigger,m_prefix
Assets/Core/Input/VgInputActions.cs,private_field,m_Gameplay_MousePosition,m_prefix
Assets/Core/Input/VgInputActions.cs,private_field,m_Gameplay_Grab,m_prefix
Assets/Core/Input/VgInputActions.cs,private_field,m_Gameplay_Pause,m_prefix
Assets/Core/Input/VgInputActions.cs,private_field,m_KeyboardMouseSchemeIndex,m_prefix
Assets/Core/Input/VgInputActions.cs,private_field,m_GamepadSchemeIndex,m_prefix
Assets/Core/Input/VgInputActions.cs,public_field,controlSchemes,camelCase
Assets/Core/Input/VgInputActions.cs,public_field,bindings,camelCase
Assets/Core/Input/VgInputActions.cs,public_field,enabled,camelCase
Assets/Core/Input/InputAction.cs,enum,InputAxis,PascalCase
Assets/Core/Input/InputAction.cs,enum,InputAction,PascalCase
Assets/Core/Input/InputAction.cs,enum,InputDeviceType,PascalCase
Assets/Core/Input/VgInput.cs,class,VgInput,PascalCase
Assets/Core/Input/VgInput.cs,method,Initialize,PascalCase
Assets/Core/Input/VgInput.cs,method,Update,PascalCase
Assets/Core/Input/VgInput.cs,method,RefreshDevices,PascalCase
Assets/Core/Input/VgInput.cs,method,GetButtonDown,PascalCase
Assets/Core/Input/VgInput.cs,method,GetButton,PascalCase
Assets/Core/Input/VgInput.cs,method,GetButtonUp,PascalCase
Assets/Core/Input/VgInput.cs,method,GetAxis,PascalCase
Assets/Core/Input/VgInput.cs,method,GetAxisRaw,PascalCase
Assets/Core/Input/VgInput.cs,method,GetMovementVector,PascalCase
Assets/Core/Input/VgInput.cs,method,GetMovementVectorNormalized,PascalCase
Assets/Core/Input/VgInput.cs,method,GetLookVector,PascalCase
Assets/Core/Input/VgInput.cs,method,GetRightStickVector,PascalCase
Assets/Core/Input/VgInput.cs,method,GetMouseScrollWheel,PascalCase
Assets/Core/Input/VgInput.cs,method,GetMousePosition,PascalCase
Assets/Core/Input/VgInput.cs,method,GetMouseWorldPosition,PascalCase
Assets/Core/Input/VgInput.cs,method,AnyKeyDown,PascalCase
Assets/Core/Input/VgInput.cs,method,SetMouseSensitivity,PascalCase
Assets/Core/Input/VgInput.cs,method,SetGamepadSensitivity,PascalCase
Assets/Core/Input/VgInput.cs,method,ToggleInvertMouseY,PascalCase
Assets/Core/Input/VgInput.cs,method,GetVector2Value,PascalCase
Assets/Core/Input/VgInput.cs,method,GetFloatValue,PascalCase
Assets/Core/Input/VgInput.cs,method,UpdateActions,PascalCase
Assets/Core/Input/VgInput.cs,method,if,camelCase
Assets/Core/Input/VgInput.cs,method,if,camelCase
Assets/Core/Input/VgInput.cs,method,UpdateAxes,PascalCase
Assets/Core/AddressableResourceLoader/AddressableResourceLoader.cs,interface,IResourceLoader,PascalCase
Assets/Core/AddressableResourceLoader/AddressableResourceLoader.cs,class,ResourceDirLoader,PascalCase
Assets/Core/AddressableResourceLoader/AddressableResourceLoader.cs,class,AddressableLoader,PascalCase
Assets/Core/AddressableResourceLoader/AddressableResourceLoader.cs,class,AddressableResourceLoader,PascalCase
Assets/Core/AddressableResourceLoader/AddressableResourceLoader.cs,method,Initialize,PascalCase
Assets/Core/AddressableResourceLoader/AddressableResourceLoader.cs,method,PrintAddressableInfo,PascalCase
Assets/Core/FP/Result.cs,class,Result,PascalCase
Assets/Core/FP/Result.cs,class,Result,PascalCase
Assets/Core/FP/Result.cs,class,ResultExtensions,PascalCase
Assets/Core/FP/Result.cs,class,AsyncResult,PascalCase
Assets/Core/FP/Result.cs,method,Result,PascalCase
Assets/Core/FP/Result.cs,method,GetValueOrDefault,PascalCase
Assets/Core/FP/Result.cs,method,GetValueOrThrow,PascalCase
Assets/Core/FP/Result.cs,method,Match,PascalCase
Assets/Core/FP/Result.cs,private_field,mValue,camelCase
Assets/Core/FP/Result.cs,private_field,mError,camelCase
Assets/Core/GameCore/GameCore.Editor.cs,class,GameCore,PascalCase
Assets/Core/GameCore/GameCore.Editor.cs,enum,GameCoreMode,PascalCase
Assets/Core/GameCore/GameCore.Editor.cs,method,GameRunInEditorCheck,PascalCase
Assets/Core/GameCore/GameCore.Editor.cs,public_field,m_GameCoreMode,m_prefix
Assets/Core/GameCore/GameIdentifiers.cs,class,GameIdentifiers,PascalCase
Assets/Core/GameCore/GameIdentifiers.cs,class,SavePoints,PascalCase
Assets/Core/GameCore/GameIdentifiers.cs,class,Chapters,PascalCase
Assets/Core/GameCore/GameCore.Flow.cs,class,GameCore,PascalCase
Assets/Core/GameCore/GameCore.Flow.cs,method,RegisterSystem,PascalCase
Assets/Core/GameCore/GameCore.Flow.cs,method,RequestLoadLevel,PascalCase
Assets/Core/GameCore/GameCore.Flow.cs,method,RequestLoadLevel,PascalCase
Assets/Core/GameCore/GameCore.Flow.cs,method,RequestLoadLevelFromSavePoint,PascalCase
Assets/Core/GameCore/GameCore.Flow.cs,method,RequestExitToMenu,PascalCase
Assets/Core/GameCore/GameCore.Flow.cs,method,InitFlow,PascalCase
Assets/Core/GameCore/GameCore.Flow.cs,method,InitFsm,PascalCase
Assets/Core/GameCore/GameCore.Flow.cs,method,RunBooting,PascalCase
Assets/Core/GameCore/GameCore.Flow.cs,method,RunLoading,PascalCase
Assets/Core/GameCore/GameCore.Flow.cs,method,SubscribeInLevelEvents,PascalCase
Assets/Core/GameCore/GameCore.Flow.cs,method,UnsubscribeInLevelEvents,PascalCase
Assets/Core/GameCore/GameCore.Flow.cs,method,OnLevelClear,PascalCase
Assets/Core/GameCore/GameCore.Flow.cs,private_field,m_Systems,m_prefix
Assets/Core/GameCore/GameCore.Flow.cs,private_field,m_LoadContext,m_prefix
Assets/Core/GameCore/GameCore.Flow.cs,private_field,m_InLevelSubs,m_prefix
Assets/Core/GameCore/GameCore.Flow.cs,public_field,CurrentState,PascalCase
Assets/Core/GameCore/GameCore.UnityLifeCycles.cs,class,GameCore,PascalCase
Assets/Core/GameCore/GameCore.UnityLifeCycles.cs,method,Awake,PascalCase
Assets/Core/GameCore/GameCore.UnityLifeCycles.cs,method,Start,PascalCase
Assets/Core/GameCore/GameCore.UnityLifeCycles.cs,method,Update,PascalCase
Assets/Core/GameCore/GameCore.UnityLifeCycles.cs,method,OnDestroy,PascalCase
Assets/Core/GameCore/GameCore.cs,class,GameCore,PascalCase
Assets/Core/GameCore/GameCore.cs,method,GameRunCheck,PascalCase
Assets/Core/GameCore/GameCore.cs,method,QuitGame,PascalCase
Assets/Core/Extensions/TransformExtension.cs,class,TransformExtension,PascalCase
Assets/Core/Extensions/TransformExtension.cs,method,MoveInWorldCoordDiscardHierachyTransformatino,PascalCase
Assets/Core/Extensions/UnityHelper.cs,class,UnityHelper,PascalCase
Assets/Core/Extensions/Vector2Extension.cs,class,Vector2Extension,PascalCase
Assets/Core/Extensions/Vector2Extension.cs,method,ProjectOnLine,PascalCase
Assets/Core/Extensions/GameObjectExtension.cs,class,GameObjectExtension,PascalCase
Assets/Core/Extensions/GameObjectExtension.cs,method,SetLayerRecursively,PascalCase
Assets/Core/Extensions/GameObjectExtension.cs,method,SetTagRecursively,PascalCase
Assets/Core/Extensions/GameObjectExtension.cs,method,SetTagAndLayerRecursively,PascalCase
Assets/Core/Extensions/GameObjectExtension.cs,method,SetSortingLayerRecursively,PascalCase
Assets/Core/CoreModule/CoreModuleManagerBase.cs,class,CoreModuleManagerBase,PascalCase
Assets/Core/CoreModule/CoreModuleManagerBase.cs,method,Awake,PascalCase
Assets/Core/Container/PriorityQueue.cs,class,PriorityQueue,PascalCase
Assets/Core/Container/PriorityQueue.cs,method,PriorityQueue,PascalCase
Assets/Core/Container/PriorityQueue.cs,method,PriorityQueue,PascalCase
Assets/Core/Container/PriorityQueue.cs,method,Enqueue,PascalCase
Assets/Core/Container/PriorityQueue.cs,method,TryDequeue,PascalCase
Assets/Core/Container/PriorityQueue.cs,method,TryPeek,PascalCase
Assets/Core/Container/PriorityQueue.cs,method,Clear,PascalCase
Assets/Core/Container/PriorityQueue.cs,method,HeapifyUp,PascalCase
Assets/Core/Container/PriorityQueue.cs,method,HeapifyDown,PascalCase
Assets/Core/Container/PriorityQueue.cs,method,Swap,PascalCase
Assets/Core/Container/PriorityQueue.cs,private_field,mComparer,camelCase
Assets/Core/Container/PriorityQueue.cs,private_field,mSyncRoot,camelCase
Assets/Core/Common/FramedFloat.cs,struct,FramedFloat,PascalCase
Assets/Core/Common/FramedFloat.cs,private_field,seconds,camelCase
Assets/Core/Common/FramedFloat.cs,private_field,frames,camelCase
Assets/Core/Common/BuildVersionInfo.cs,class,BuildVersionInfo,PascalCase
Assets/Core/Common/BuildVersionInfo.cs,class,BuildVersionData,PascalCase
Assets/Core/Common/BuildVersionInfo.cs,method,GetData,PascalCase
Assets/Core/Common/BuildVersionInfo.cs,public_field,Version,PascalCase
Assets/Core/Common/BuildVersionInfo.cs,public_field,BuildTime,PascalCase
Assets/Core/Common/Singleton.cs,class,Singleton,PascalCase
Assets/Core/ParallaxBackground/ParallaxBackground.cs,enum,ParallaxClampMode,PascalCase
Assets/Core/ParallaxBackground/ParallaxBackground.cs,class,ParallaxBackground,PascalCase
Assets/Core/ParallaxBackground/ParallaxBackground.cs,method,ChangeBackground,PascalCase
Assets/Core/ParallaxBackground/ParallaxBackground.cs,method,ExtractLayerIndex,PascalCase
Assets/Core/ParallaxBackground/ParallaxBackground.cs,method,Start,PascalCase
Assets/Core/ParallaxBackground/ParallaxBackground.cs,method,LateUpdate,PascalCase
Assets/Core/ParallaxBackground/ParallaxBackground.cs,method,InitializeLayers,PascalCase
Assets/Core/ParallaxBackground/ParallaxBackground.cs,method,UpdateLayerProperties,PascalCase
Assets/Core/ParallaxBackground/ParallaxBackground.cs,method,HandleHorizontalWrapping,PascalCase
Assets/Core/ParallaxBackground/ParallaxBackground.cs,method,OnValidate,PascalCase
Assets/Core/ParallaxBackground/ParallaxBackground.cs,private_field,m_PropertyBlock,m_prefix
Assets/Core/ParallaxBackground/ParallaxBackground.cs,private_field,m_TargetCamera,m_prefix
Assets/Core/ParallaxBackground/ParallaxBackground.cs,private_field,m_Layers,m_prefix
Assets/Core/ParallaxBackground/ParallaxBackground.cs,private_field,m_BlurMaterial,m_prefix
Assets/Core/ParallaxBackground/ParallaxBackground.cs,private_field,m_LastCameraPosition,m_prefix
Assets/Core/ParallaxBackground/ParallaxLayer.cs,class,ParallaxLayer,PascalCase
Assets/Core/ParallaxBackground/ParallaxLayer.cs,public_field,sprite,camelCase
Assets/Core/ParallaxBackground/ParallaxLayer.cs,public_field,parallaxFactorX,camelCase
Assets/Core/ParallaxBackground/ParallaxLayer.cs,public_field,parallaxFactorY,camelCase
Assets/Core/ParallaxBackground/ParallaxLayer.cs,public_field,clampModeX,camelCase
Assets/Core/ParallaxBackground/ParallaxLayer.cs,public_field,clampModeY,camelCase
Assets/Core/ParallaxBackground/ParallaxLayer.cs,public_field,maxVerticalOffset,camelCase
Assets/Core/ParallaxBackground/ParallaxLayer.cs,public_field,worldMaxY,camelCase
Assets/Core/ParallaxBackground/ParallaxLayer.cs,public_field,worldMinY,camelCase
Assets/Core/ParallaxBackground/ParallaxLayer.cs,public_field,blurMode,camelCase
Assets/Core/ParallaxBackground/ParallaxLayer.cs,public_field,blurIntensity,camelCase
Assets/Core/ParallaxBackground/ParallaxLayer.cs,public_field,layerObject,camelCase
Assets/Core/ParallaxBackground/ParallaxLayer.cs,public_field,renderers,camelCase
Assets/Core/ParallaxBackground/ParallaxLayer.cs,public_field,textureWidth,camelCase
Assets/Core/ParallaxBackground/ParallaxLayer.cs,public_field,initialRelativeY,camelCase
Assets/Core/ParallaxBackground/ParallaxLayer.cs,public_field,imageScale,camelCase
Assets/Core/Mono/MonoSingletonPersistent.cs,class,MonoSingletonPersistent,PascalCase
Assets/Core/Mono/MonoSingletonPersistent.cs,method,Awake,PascalCase
Assets/Core/Mono/MonoSingletonPersistent.cs,method,if,camelCase
Assets/Core/Mono/MonoSingletonPersistent.cs,method,DontDestroyMe,PascalCase
Assets/Core/Mono/MonoSingletonLasy.cs,class,MonoSingletonLasy,PascalCase
Assets/Core/Command/AbastractManagerCommand.cs,class,AbastractManagerCommand,PascalCase
Assets/Core/Command/AbastractManagerCommand.cs,method,GetManager,PascalCase
Assets/Core/Command/AbastractManagerCommand.cs,method,ExecuteAsync,PascalCase
Assets/Core/Command/AbastractManagerCommand.cs,method,Undo,PascalCase
Assets/Core/Command/AbastractManagerCommand.cs,private_field,Manager,PascalCase
Assets/Core/Command/ICommand.cs,interface,ICommand,PascalCase
Assets/Core/Command/ICommand.cs,interface,IUndoableCommand,PascalCase
Assets/Core/Command/ICommand.cs,interface,ITriggerCommand,PascalCase
Assets/Core/Command/ICommand.cs,interface,IAsyncCommand,PascalCase
Assets/Core/Command/ICommand.cs,interface,IUniTaskCommand,PascalCase
Assets/Core/Command/IManagerCommand.cs,interface,IManagerCommand,PascalCase
Assets/Core/EventSystem/MessageBroker.cs,enum,BrokerCacheStrategy,PascalCase
Assets/Core/EventSystem/MessageBroker.cs,class,SubscriberDebugInfo,PascalCase
Assets/Core/EventSystem/MessageBroker.cs,struct,BrokerEventParameterInfo,PascalCase
Assets/Core/EventSystem/MessageBroker.cs,enum,BrokerPublishKind,PascalCase
Assets/Core/EventSystem/MessageBroker.cs,struct,BrokerPublishRecord,PascalCase
Assets/Core/EventSystem/MessageBroker.cs,struct,BrokerEventSnapshot,PascalCase
Assets/Core/EventSystem/MessageBroker.cs,class,EventTypeInfo,PascalCase
Assets/Core/EventSystem/MessageBroker.cs,class,MessageBroker,PascalCase
Assets/Core/EventSystem/MessageBroker.cs,method,TryGetUnityObject,PascalCase
Assets/Core/EventSystem/MessageBroker.cs,method,SubscriberDebugInfo,PascalCase
Assets/Core/EventSystem/MessageBroker.cs,method,BrokerEventParameterInfo,PascalCase
Assets/Core/EventSystem/MessageBroker.cs,method,BrokerPublishRecord,PascalCase
Assets/Core/EventSystem/MessageBroker.cs,method,BrokerEventSnapshot,PascalCase
Assets/Core/EventSystem/MessageBroker.cs,method,SetSubscriberDebugInfo,PascalCase
Assets/Core/EventSystem/MessageBroker.cs,method,RecordPublish,PascalCase
Assets/Core/EventSystem/MessageBroker.cs,method,AddSubscriber,PascalCase
Assets/Core/EventSystem/MessageBroker.cs,method,RemoveSubscriber,PascalCase
Assets/Core/EventSystem/MessageBroker.cs,method,Dispose,PascalCase
Assets/Core/EventSystem/MessageBroker.cs,method,ToString,PascalCase
Assets/Core/EventSystem/MessageBroker.cs,method,GetAllEventSnapshots,PascalCase
Assets/Core/EventSystem/MessageBroker.cs,method,ClearHistory,PascalCase
Assets/Core/EventSystem/MessageBroker.cs,method,ClearEventHistory,PascalCase
Assets/Core/EventSystem/MessageBroker.cs,method,GetPayloadString,PascalCase
Assets/Core/EventSystem/MessageBroker.cs,method,MessageBroker,PascalCase
Assets/Core/EventSystem/MessageBroker.cs,method,MessageBroker,PascalCase
Assets/Core/EventSystem/MessageBroker.cs,method,CleanupEventInfo,PascalCase
Assets/Core/EventSystem/MessageBroker.cs,method,Clear,PascalCase
Assets/Core/EventSystem/MessageBroker.cs,method,GetDebugInfo,PascalCase
Assets/Core/EventSystem/MessageBroker.cs,private_field,m_DelegateTarget,m_prefix
Assets/Core/EventSystem/MessageBroker.cs,private_field,m_PublishHistory,m_prefix
Assets/Core/EventSystem/MessageBroker.cs,private_field,m_Locker,m_prefix
Assets/Core/EventSystem/MessageBroker.cs,private_field,m_DebugName,m_prefix
Assets/Core/EventSystem/MessageBroker.cs,public_field,PublishHistory,PascalCase
Assets/Core/EventSystem/IEvent.cs,interface,IEvent,PascalCase
Assets/Core/GameCoreSystems/ICoreModuleSystem.cs,interface,ICoreModuleSystem,PascalCase
Assets/Core/GameCoreSystems/UI/VgUiManager.cs,class,VgUiManager,PascalCase
Assets/Core/GameCoreSystems/UI/VgUiManager.cs,method,RegisterHooks,PascalCase
Assets/Core/GameCoreSystems/UI/VgUiManager.cs,public_field,SystemName,PascalCase
Assets/Core/GameCoreSystems/UI/VgUiManager.cs,public_field,Dependencies,PascalCase
Assets/Core/GameCoreSystems/Input/VgInputSystem.cs,class,VgInputSystem,PascalCase
Assets/Core/GameCoreSystems/Input/VgInputSystem.cs,class,InputActionState,PascalCase
Assets/Core/GameCoreSystems/Input/VgInputSystem.cs,method,RegisterHooks,PascalCase
Assets/Core/GameCoreSystems/Input/VgInputSystem.cs,method,Tick,PascalCase
Assets/Core/GameCoreSystems/Input/VgInputSystem.cs,method,OnDeviceChange,PascalCase
Assets/Core/GameCoreSystems/Input/VgInputSystem.cs,method,InitializeDebugData,PascalCase
Assets/Core/GameCoreSystems/Input/VgInputSystem.cs,method,UpdateDebugDisplay,PascalCase
Assets/Core/GameCoreSystems/Input/VgInputSystem.cs,method,GetScrollColor,PascalCase
Assets/Core/GameCoreSystems/Input/VgInputSystem.cs,private_field,m_ShowRealTimeInput,m_prefix
Assets/Core/GameCoreSystems/Input/VgInputSystem.cs,private_field,m_MovementVector,m_prefix
Assets/Core/GameCoreSystems/Input/VgInputSystem.cs,private_field,m_MovementVectorNormalized,m_prefix
Assets/Core/GameCoreSystems/Input/VgInputSystem.cs,private_field,m_LookVector,m_prefix
Assets/Core/GameCoreSystems/Input/VgInputSystem.cs,private_field,m_RightStickVector,m_prefix
Assets/Core/GameCoreSystems/Input/VgInputSystem.cs,private_field,m_MousePosition,m_prefix
Assets/Core/GameCoreSystems/Input/VgInputSystem.cs,private_field,m_MouseScrollWheel,m_prefix
Assets/Core/GameCoreSystems/Input/VgInputSystem.cs,public_field,SystemName,PascalCase
Assets/Core/GameCoreSystems/Input/VgInputSystem.cs,public_field,Dependencies,PascalCase
Assets/Core/GameCoreSystems/Input/VgInputSystem.cs,public_field,inputSettings,camelCase
Assets/Core/GameCoreSystems/Input/VgInputSystem.cs,public_field,isPressed,camelCase
Assets/Core/GameCoreSystems/Input/VgInputSystem.cs,public_field,isHeld,camelCase
Assets/Core/GameCoreSystems/Input/VgInputSystem.cs,public_field,isReleased,camelCase
Assets/Core/GameCoreSystems/SaveSystem/SaveSlotEntrySaveData.cs,class,SaveSlotEntrySaveData,PascalCase
Assets/Core/GameCoreSystems/SaveSystem/SaveSlotEntrySaveData.cs,class,SaveKeys,PascalCase
Assets/Core/GameCoreSystems/SaveSystem/SaveSlotEntrySaveData.cs,public_field,SavePointName,PascalCase
Assets/Core/GameCoreSystems/SaveSystem/SaveSlotEntrySaveData.cs,public_field,ChapterId,PascalCase
Assets/Core/GameCoreSystems/SaveSystem/SaveSlotEntrySaveData.cs,public_field,LevelId,PascalCase
Assets/Core/GameCoreSystems/SaveSystem/SaveMeta.cs,class,SaveMeta,PascalCase
Assets/Core/GameCoreSystems/SaveSystem/SaveMeta.cs,method,SaveMeta,PascalCase
Assets/Core/GameCoreSystems/SaveSystem/SaveMeta.cs,public_field,SlotName,PascalCase
Assets/Core/GameCoreSystems/SaveSystem/SaveMeta.cs,public_field,DisplayName,PascalCase
Assets/Core/GameCoreSystems/SaveSystem/SaveMeta.cs,public_field,PlayTimeInSeconds,PascalCase
Assets/Core/GameCoreSystems/SaveSystem/SaveMeta.cs,public_field,LastSavedTime,PascalCase
Assets/Core/GameCoreSystems/SaveSystem/SaveMeta.cs,public_field,SaveFileVersion,PascalCase
Assets/Core/GameCoreSystems/SaveSystem/SaveContainer.cs,class,SaveContainer,PascalCase
Assets/Core/GameCoreSystems/SaveSystem/SaveContainer.cs,method,SaveContainer,PascalCase
Assets/Core/GameCoreSystems/SaveSystem/SaveContainer.cs,public_field,Meta,PascalCase
Assets/Core/GameCoreSystems/SaveSystem/VgSaveSystem.cs,enum,SaveMode,PascalCase
Assets/Core/GameCoreSystems/SaveSystem/VgSaveSystem.cs,enum,RootPathType,PascalCase
Assets/Core/GameCoreSystems/SaveSystem/VgSaveSystem.cs,class,VgSaveSystem,PascalCase
Assets/Core/GameCoreSystems/SaveSystem/VgSaveSystem.cs,method,RegisterHooks,PascalCase
Assets/Core/GameCoreSystems/SaveSystem/VgSaveSystem.cs,method,HasKey,PascalCase
Assets/Core/GameCoreSystems/SaveSystem/VgSaveSystem.cs,method,WriteSlotSaveAsync,PascalCase
Assets/Core/GameCoreSystems/SaveSystem/VgSaveSystem.cs,method,WriteGlobalSaveAsync,PascalCase
Assets/Core/GameCoreSystems/SaveSystem/VgSaveSystem.cs,method,LoadSelectedSlotAsync,PascalCase
Assets/Core/GameCoreSystems/SaveSystem/VgSaveSystem.cs,method,OnSaveRequested,PascalCase
Assets/Core/GameCoreSystems/SaveSystem/VgSaveSystem.cs,method,WriteSaveFileAsync,PascalCase
Assets/Core/GameCoreSystems/SaveSystem/VgSaveSystem.cs,method,LoadSaveFileAsync,PascalCase
Assets/Core/GameCoreSystems/SaveSystem/VgSaveSystem.cs,method,LoadGlobalSaveAsync,PascalCase
Assets/Core/GameCoreSystems/SaveSystem/VgSaveSystem.cs,method,InitializeDirectory,PascalCase
Assets/Core/GameCoreSystems/SaveSystem/VgSaveSystem.cs,method,GetSavePath,PascalCase
Assets/Core/GameCoreSystems/SaveSystem/VgSaveSystem.cs,method,RefreshSaveSlots,PascalCase
Assets/Core/GameCoreSystems/SaveSystem/VgSaveSystem.cs,method,GetSlotNames,PascalCase
Assets/Core/GameCoreSystems/SaveSystem/VgSaveSystem.cs,method,SetCurrentSlot,PascalCase
Assets/Core/GameCoreSystems/SaveSystem/VgSaveSystem.cs,method,RenameSlotAsync,PascalCase
Assets/Core/GameCoreSystems/SaveSystem/VgSaveSystem.cs,method,LoadSlotAsync,PascalCase
Assets/Core/GameCoreSystems/SaveSystem/VgSaveSystem.cs,method,SaveSlotAsync,PascalCase
Assets/Core/GameCoreSystems/SaveSystem/VgSaveSystem.cs,private_field,m_CurrentSlotContainer,m_prefix
Assets/Core/GameCoreSystems/SaveSystem/VgSaveSystem.cs,private_field,m_GlobalContainer,m_prefix
Assets/Core/GameCoreSystems/SaveSystem/VgSaveSystem.cs,private_field,m_IsSlotDirty,m_prefix
Assets/Core/GameCoreSystems/SaveSystem/VgSaveSystem.cs,private_field,m_IsGlobalDirty,m_prefix
Assets/Core/GameCoreSystems/SaveSystem/VgSaveSystem.cs,private_field,m_SaveMode,m_prefix
Assets/Core/GameCoreSystems/SaveSystem/VgSaveSystem.cs,private_field,m_RootPathType,m_prefix
Assets/Core/GameCoreSystems/SaveSystem/VgSaveSystem.cs,private_field,m_SaveFolderRelativePath,m_prefix
Assets/Core/GameCoreSystems/SaveSystem/VgSaveSystem.cs,private_field,m_GlobalSaveName,m_prefix
Assets/Core/GameCoreSystems/SaveSystem/VgSaveSystem.cs,private_field,m_Extension,m_prefix
Assets/Core/GameCoreSystems/SaveSystem/VgSaveSystem.cs,private_field,m_CurrentSlot,m_prefix
Assets/Core/GameCoreSystems/SaveSystem/VgSaveSystem.cs,private_field,m_AvailableSlots,m_prefix
Assets/Core/GameCoreSystems/SaveSystem/VgSaveSystem.cs,private_field,m_SelectedSlot,m_prefix
Assets/Core/GameCoreSystems/SaveSystem/VgSaveSystem.cs,private_field,m_SaveRequestSubscription,m_prefix
Assets/Core/GameCoreSystems/SaveSystem/VgSaveSystem.cs,public_field,SystemName,PascalCase
Assets/Core/GameCoreSystems/SaveSystem/VgSaveSystem.cs,public_field,Dependencies,PascalCase
Assets/Core/GameCoreSystems/SaveSystem/VgSaveSystem.cs,public_field,CurrentSlotName,PascalCase
Assets/Core/GameCoreSystems/SaveSystem/VgSaveSystem.cs,public_field,IsSlotDirty,PascalCase
Assets/Core/GameCoreSystems/SaveSystem/VgSaveSystem.cs,public_field,IsGlobalDirty,PascalCase
Assets/Core/GameCoreSystems/SaveSystem/VgSaveSystem.cs,public_field,AvailableSlots,PascalCase
Assets/Core/GameCoreSystems/Camera/VgCameraManager.cs,struct,CrtSettings,PascalCase
Assets/Core/GameCoreSystems/Camera/VgCameraManager.cs,struct,ChapterCrtConfig,PascalCase
Assets/Core/GameCoreSystems/Camera/VgCameraManager.cs,class,VgCameraManager,PascalCase
Assets/Core/GameCoreSystems/Camera/VgCameraManager.cs,method,RegisterHooks,PascalCase
Assets/Core/GameCoreSystems/Camera/VgCameraManager.cs,method,SetChapterRetroMode,PascalCase
Assets/Core/GameCoreSystems/Camera/VgCameraManager.cs,method,UpdateCrtSettings,PascalCase
Assets/Core/GameCoreSystems/Camera/VgCameraManager.cs,method,ApplyCrtSettings,PascalCase
Assets/Core/GameCoreSystems/Camera/VgCameraManager.cs,method,BackupInitialCrtSettings,PascalCase
Assets/Core/GameCoreSystems/Camera/VgCameraManager.cs,method,RestoreInitialCrtSettings,PascalCase
Assets/Core/GameCoreSystems/Camera/VgCameraManager.cs,method,InitializeBorderUI,PascalCase
Assets/Core/GameCoreSystems/Camera/VgCameraManager.cs,method,UpdateCameraViewport,PascalCase
Assets/Core/GameCoreSystems/Camera/VgCameraManager.cs,method,UpdateBorderUI,PascalCase
Assets/Core/GameCoreSystems/Camera/VgCameraManager.cs,method,SetLoadingCameraActive,PascalCase
Assets/Core/GameCoreSystems/Camera/VgCameraManager.cs,private_field,m_DefaultAspectRatio,m_prefix
Assets/Core/GameCoreSystems/Camera/VgCameraManager.cs,private_field,m_SnakeAspectRatio,m_prefix
Assets/Core/GameCoreSystems/Camera/VgCameraManager.cs,private_field,m_BorderCanvasPrefab,m_prefix
Assets/Core/GameCoreSystems/Camera/VgCameraManager.cs,private_field,m_TvBorderSprite,m_prefix
Assets/Core/GameCoreSystems/Camera/VgCameraManager.cs,private_field,m_CrtMaterial,m_prefix
Assets/Core/GameCoreSystems/Camera/VgCameraManager.cs,private_field,m_DefaultCrtSettings,m_prefix
Assets/Core/GameCoreSystems/Camera/VgCameraManager.cs,private_field,m_ChapterCrtConfigs,m_prefix
Assets/Core/GameCoreSystems/Camera/VgCameraManager.cs,private_field,m_IsSnakeChapter,m_prefix
Assets/Core/GameCoreSystems/Camera/VgCameraManager.cs,private_field,m_TargetAspectRatio,m_prefix
Assets/Core/GameCoreSystems/Camera/VgCameraManager.cs,private_field,m_BorderCanvasInstance,m_prefix
Assets/Core/GameCoreSystems/Camera/VgCameraManager.cs,private_field,m_InitialMaterialSettings,m_prefix
Assets/Core/GameCoreSystems/Camera/VgCameraManager.cs,private_field,m_IsBackupDone,m_prefix
Assets/Core/GameCoreSystems/Camera/VgCameraManager.cs,private_field,m_MainCamera,m_prefix
Assets/Core/GameCoreSystems/Camera/VgCameraManager.cs,private_field,m_CinemachineBrain,m_prefix
Assets/Core/GameCoreSystems/Camera/VgCameraManager.cs,private_field,m_LoadingCamera,m_prefix
Assets/Core/GameCoreSystems/Camera/VgCameraManager.cs,public_field,ScanlineDensity,PascalCase
Assets/Core/GameCoreSystems/Camera/VgCameraManager.cs,public_field,ScanlineStrength,PascalCase
Assets/Core/GameCoreSystems/Camera/VgCameraManager.cs,public_field,BarrelDistortion,PascalCase
Assets/Core/GameCoreSystems/Camera/VgCameraManager.cs,public_field,VignetteStrength,PascalCase
Assets/Core/GameCoreSystems/Camera/VgCameraManager.cs,public_field,ColorTint,PascalCase
Assets/Core/GameCoreSystems/Camera/VgCameraManager.cs,public_field,ChapterId,PascalCase
Assets/Core/GameCoreSystems/Camera/VgCameraManager.cs,public_field,Settings,PascalCase
Assets/Core/GameCoreSystems/Camera/VgCameraManager.cs,public_field,SystemName,PascalCase
Assets/Core/GameCoreSystems/Camera/VgCameraManager.cs,public_field,Dependencies,PascalCase
Assets/Core/GameCoreSystems/Camera/VgCameraManager.cs,public_field,MainCamera,PascalCase
Assets/Core/GameCoreSystems/Camera/VgCameraManager.cs,public_field,CinemachineBrain,PascalCase
Assets/Core/GameCoreSystems/Camera/VgCameraManager.cs,public_field,LoadingCamera,PascalCase
Assets/Core/GameCoreSystems/Audio/VgAudioSystem.cs,class,VgAudioSystem,PascalCase
Assets/Core/GameCoreSystems/Audio/VgAudioSystem.cs,method,RegisterHooks,PascalCase
Assets/Core/GameCoreSystems/Audio/VgAudioSystem.cs,method,PlayManaged,PascalCase
Assets/Core/GameCoreSystems/Audio/VgAudioSystem.cs,method,PlayManaged3D,PascalCase
Assets/Core/GameCoreSystems/Audio/VgAudioSystem.cs,method,PlayManagedCustom,PascalCase
Assets/Core/GameCoreSystems/Audio/VgAudioSystem.cs,method,SetManagedParameter,PascalCase
Assets/Core/GameCoreSystems/Audio/VgAudioSystem.cs,method,StopManaged,PascalCase
Assets/Core/GameCoreSystems/Audio/VgAudioSystem.cs,method,IsManagedPlaying,PascalCase
Assets/Core/GameCoreSystems/Audio/VgAudioSystem.cs,method,LoadAllBanks,PascalCase
Assets/Core/GameCoreSystems/Audio/VgAudioSystem.cs,method,RegisterAllEntries,PascalCase
Assets/Core/GameCoreSystems/Audio/VgAudioSystem.cs,method,SubscribeEntry,PascalCase
Assets/Core/GameCoreSystems/Audio/VgAudioSystem.cs,method,RegisterStopSubscription,PascalCase
Assets/Core/GameCoreSystems/Audio/VgAudioSystem.cs,method,RegisterStopSubscription,PascalCase
Assets/Core/GameCoreSystems/Audio/VgAudioSystem.cs,method,if,camelCase
Assets/Core/GameCoreSystems/Audio/VgAudioSystem.cs,method,UnregisterAll,PascalCase
Assets/Core/GameCoreSystems/Audio/VgAudioSystem.cs,method,StopAllManaged,PascalCase
Assets/Core/GameCoreSystems/Audio/VgAudioSystem.cs,private_field,m_Sheets,m_prefix
Assets/Core/GameCoreSystems/Audio/VgAudioSystem.cs,public_field,SystemName,PascalCase
Assets/Core/GameCoreSystems/Audio/VgAudioSystem.cs,public_field,Dependencies,PascalCase
Assets/Core/GameCoreSystems/Audio/AudioEventSheet.cs,class,AudioEventSheet,PascalCase
Assets/Core/GameCoreSystems/Audio/AudioEventSheet.cs,public_field,Entries,PascalCase
Assets/Core/GameCoreSystems/LoadingSplash/IProgressable.cs,interface,IProgressable,PascalCase
Assets/Core/GameCoreSystems/LoadingSplash/IProgressable.cs,class,MonoProgressable,PascalCase
Assets/Core/GameCoreSystems/LoadingSplash/IProgressable.cs,method,Tick,PascalCase
Assets/Core/GameCoreSystems/LoadingSplash/VgSplashKey.cs,enum,VgSplashKey,PascalCase
Assets/Core/GameCoreSystems/LoadingSplash/VgLoadingSplashManager.cs,class,VgSplashEntry,PascalCase
Assets/Core/GameCoreSystems/LoadingSplash/VgLoadingSplashManager.cs,class,VgLoadingSplashManager,PascalCase
Assets/Core/GameCoreSystems/LoadingSplash/VgLoadingSplashManager.cs,method,RegisterHooks,PascalCase
Assets/Core/GameCoreSystems/LoadingSplash/VgLoadingSplashManager.cs,method,CoverAsync,PascalCase
Assets/Core/GameCoreSystems/LoadingSplash/VgLoadingSplashManager.cs,method,RevealAsync,PascalCase
Assets/Core/GameCoreSystems/LoadingSplash/VgLoadingSplashManager.cs,method,UpdateProgress,PascalCase
Assets/Core/GameCoreSystems/LoadingSplash/VgLoadingSplashManager.cs,method,FindSplasher,PascalCase
Assets/Core/GameCoreSystems/LoadingSplash/VgLoadingSplashManager.cs,private_field,m_Splashers,m_prefix
Assets/Core/GameCoreSystems/LoadingSplash/VgLoadingSplashManager.cs,private_field,m_FallbackSplasher,m_prefix
Assets/Core/GameCoreSystems/LoadingSplash/VgLoadingSplashManager.cs,private_field,m_IsAnimating,m_prefix
Assets/Core/GameCoreSystems/LoadingSplash/VgLoadingSplashManager.cs,private_field,m_ActiveSplasher,m_prefix
Assets/Core/GameCoreSystems/LoadingSplash/VgLoadingSplashManager.cs,public_field,Key,PascalCase
Assets/Core/GameCoreSystems/LoadingSplash/VgLoadingSplashManager.cs,public_field,Splasher,PascalCase
Assets/Core/GameCoreSystems/LoadingSplash/VgLoadingSplashManager.cs,public_field,SystemName,PascalCase
Assets/Core/GameCoreSystems/LoadingSplash/VgLoadingSplashManager.cs,public_field,Dependencies,PascalCase
Assets/Core/GameCoreSystems/LoadingSplash/VgDefaultSplasher.cs,class,VgDefaultSplasher,PascalCase
Assets/Core/GameCoreSystems/LoadingSplash/VgDefaultSplasher.cs,method,CoverAsync,PascalCase
Assets/Core/GameCoreSystems/LoadingSplash/VgDefaultSplasher.cs,method,RevealAsync,PascalCase
Assets/Core/GameCoreSystems/LoadingSplash/VgDefaultSplasher.cs,method,Awake,PascalCase
Assets/Core/GameCoreSystems/LoadingSplash/VgDefaultSplasher.cs,private_field,m_FadeDuration,m_prefix
Assets/Core/GameCoreSystems/LoadingSplash/VgDefaultSplasher.cs,private_field,m_Ease,m_prefix
Assets/Core/GameCoreSystems/LoadingSplash/VgDefaultSplasher.cs,private_field,m_CanvasGroup,m_prefix
Assets/Core/GameCoreSystems/LoadingSplash/VgSplasher.cs,class,VgSplasher,PascalCase
Assets/Core/GameCoreSystems/LoadingSplash/VgSplasher.cs,method,Awake,PascalCase
Assets/Core/GameCoreSystems/LoadingSplash/VgSplasher.cs,method,PreviewAnimation,PascalCase
Assets/Core/GameCoreSystems/LoadingSplash/VgSplasher.cs,method,RunPreviewAsync,PascalCase
Assets/Core/GameCoreSystems/LoadingSplash/VgSplasher.cs,method,Init,PascalCase
Assets/Core/GameCoreSystems/LoadingSplash/VgSplasher.cs,method,UpdateProgress,PascalCase
Assets/Core/GameCoreSystems/LoadingSplash/VgSplasher.cs,method,ShowChildren,PascalCase
Assets/Core/GameCoreSystems/LoadingSplash/VgSplasher.cs,method,HideChildren,PascalCase
Assets/Core/GameCoreSystems/LoadingSplash/VgSplasher.cs,method,TweenAsync,PascalCase
Assets/Core/GameCoreSystems/LoadingSplash/VgSplasher.cs,private_field,m_Inited,m_prefix
Assets/Core/GameCoreSystems/LoadingSplash/VgSplasher.cs,private_field,m_Progressables,m_prefix
Assets/Core/GameCoreSystems/LoadingSplash/VgCircleWipeEffect.cs,class,VgCircleWipeEffect,PascalCase
Assets/Core/GameCoreSystems/LoadingSplash/VgCircleWipeEffect.cs,method,SetCenter,PascalCase
Assets/Core/GameCoreSystems/LoadingSplash/VgCircleWipeEffect.cs,method,GetRadius,PascalCase
Assets/Core/GameCoreSystems/LoadingSplash/VgCircleWipeEffect.cs,method,SetRadius,PascalCase
Assets/Core/GameCoreSystems/LoadingSplash/VgCircleWipeEffect.cs,method,Show,PascalCase
Assets/Core/GameCoreSystems/LoadingSplash/VgCircleWipeEffect.cs,method,Hide,PascalCase
Assets/Core/GameCoreSystems/LoadingSplash/VgCircleWipeEffect.cs,method,UpdateProgress,PascalCase
Assets/Core/GameCoreSystems/LoadingSplash/VgCircleWipeEffect.cs,method,EnsureMaterial,PascalCase
Assets/Core/GameCoreSystems/LoadingSplash/VgCircleWipeEffect.cs,method,OnDestroy,PascalCase
Assets/Core/GameCoreSystems/LoadingSplash/VgCircleWipeEffect.cs,private_field,m_Material,m_prefix
Assets/Core/GameCoreSystems/LoadingSplash/VgDissolveSplasher.cs,class,VgDissolveSplasher,PascalCase
Assets/Core/GameCoreSystems/LoadingSplash/VgDissolveSplasher.cs,method,CoverAsync,PascalCase
Assets/Core/GameCoreSystems/LoadingSplash/VgDissolveSplasher.cs,method,RevealAsync,PascalCase
Assets/Core/GameCoreSystems/LoadingSplash/VgDissolveSplasher.cs,method,EnsureMaterial,PascalCase
Assets/Core/GameCoreSystems/LoadingSplash/VgDissolveSplasher.cs,method,OnDestroy,PascalCase
Assets/Core/GameCoreSystems/LoadingSplash/VgDissolveSplasher.cs,private_field,m_DissolveImage,m_prefix
Assets/Core/GameCoreSystems/LoadingSplash/VgDissolveSplasher.cs,private_field,m_Duration,m_prefix
Assets/Core/GameCoreSystems/LoadingSplash/VgDissolveSplasher.cs,private_field,m_CoverEase,m_prefix
Assets/Core/GameCoreSystems/LoadingSplash/VgDissolveSplasher.cs,private_field,m_RevealEase,m_prefix
Assets/Core/GameCoreSystems/LoadingSplash/VgDissolveSplasher.cs,private_field,m_Material,m_prefix
Assets/Core/GameCoreSystems/Scene/SceneLoader.cs,class,SceneLoader,PascalCase
Assets/Core/GameCoreSystems/Scene/SceneLoader.cs,method,LoadScene,PascalCase
Assets/Core/GameCoreSystems/Scene/SceneLoader.cs,method,UnloadAddressableScene,PascalCase
Assets/Core/GameCoreSystems/Scene/SceneLoader.cs,method,LoadSceneFromBuildingName,PascalCase
Assets/Core/GameCoreSystems/Scene/SceneLoader.cs,method,LoadSceneFromBuildingIndex,PascalCase
Assets/Core/GameCoreSystems/Scene/SceneLoader.cs,method,LoadSceneFromEditorPath,PascalCase
Assets/Core/GameCoreSystems/Scene/SceneLoader.cs,method,LoadSceneFromStreamingAssetPath,PascalCase
Assets/Core/GameCoreSystems/Scene/SceneLoader.cs,private_field,m_SceneLoadInfo,m_prefix
Assets/Core/GameCoreSystems/Scene/SceneLoader.cs,private_field,m_AddressableSceneHandle,m_prefix
Assets/Core/GameCoreSystems/Scene/SceneLoadInfo.cs,enum,SceneAssetMode,PascalCase
Assets/Core/GameCoreSystems/Scene/SceneLoadInfo.cs,class,SceneLoadInfo,PascalCase
Assets/Core/GameCoreSystems/Scene/SceneLoadInfo.cs,method,SceneLoadInfo,PascalCase
Assets/Core/GameCoreSystems/Scene/SceneLoadInfo.cs,method,SceneLoadInfo,PascalCase
Assets/Core/GameCoreSystems/Scene/SceneLoadInfo.cs,method,FromEditorPath,PascalCase
Assets/Core/GameCoreSystems/Scene/SceneLoadInfo.cs,method,FromStreamingAssetPath,PascalCase
Assets/Core/GameCoreSystems/Scene/SceneLoadInfo.cs,method,SceneLoadInfo,PascalCase
Assets/Core/GameCoreSystems/Scene/VgSceneManager.cs,class,VgSceneManager,PascalCase
Assets/Core/GameCoreSystems/Scene/VgSceneManager.cs,method,RegisterHooks,PascalCase
Assets/Core/GameCoreSystems/Scene/VgSceneManager.cs,method,if,camelCase
Assets/Core/GameCoreSystems/Scene/VgSceneManager.cs,private_field,m_Loader,m_prefix
Assets/Core/GameCoreSystems/Scene/VgSceneManager.cs,public_field,SystemName,PascalCase
Assets/Core/GameCoreSystems/Scene/VgSceneManager.cs,public_field,Dependencies,PascalCase
Assets/Core/GameCoreSystems/Stats/StatsManager.cs,class,StatsManager,PascalCase
Assets/Core/GameCoreSystems/Stats/StatsManager.cs,record,in,camelCase
Assets/Core/GameCoreSystems/Stats/StatsManager.cs,method,Awake,PascalCase
Assets/Core/GameCoreSystems/Stats/StatsManager.cs,method,Update,PascalCase
Assets/Core/GameCoreSystems/Stats/StatsManager.cs,method,Increment,PascalCase
Assets/Core/GameCoreSystems/Stats/StatsManager.cs,method,Decrement,PascalCase
Assets/Core/GameCoreSystems/Stats/StatsManager.cs,method,SetMax,PascalCase
Assets/Core/GameCoreSystems/Stats/StatsManager.cs,method,GetValue,PascalCase
Assets/Core/GameCoreSystems/Stats/StatsManager.cs,method,RegisterStat,PascalCase
Assets/Core/GameCoreSystems/Stats/StatsManager.cs,method,SubscribeToSaveEvents,PascalCase
Assets/Core/GameCoreSystems/Stats/StatsManager.cs,method,OnBeforeWriteSave,PascalCase
Assets/Core/GameCoreSystems/Stats/StatsManager.cs,method,OnLoadSave,PascalCase
Assets/Core/GameCoreSystems/Stats/StatsManager.cs,method,if,camelCase
Assets/Core/GameCoreSystems/Stats/StatsManager.cs,method,CaptureSaveData,PascalCase
Assets/Core/GameCoreSystems/Stats/StatsManager.cs,method,RestoreSaveData,PascalCase
Assets/Core/GameCoreSystems/Stats/StatsManager.cs,method,UpdateStat,PascalCase
Assets/Core/GameCoreSystems/Stats/StatsManager.cs,method,CacheTimerKeys,PascalCase
Assets/Core/GameCoreSystems/Stats/StatsManager.cs,private_field,m_InitialStats,m_prefix
Assets/Core/GameCoreSystems/Stats/StatsManager.cs,private_field,m_CachedTimerKeys,m_prefix
Assets/Core/GameCoreSystems/Stats/StatsManager.cs,private_field,m_SaveID,m_prefix
Assets/Core/GameCoreSystems/Stats/StatsSaveData.cs,class,StatsSaveData,PascalCase
Assets/Core/GameCoreSystems/Stats/StatsSaveData.cs,public_field,Stats,PascalCase
Assets/Core/GameCoreSystems/Stats/StatKeys.cs,class,StatKeys,PascalCase
Assets/Core/GameCoreSystems/Stats/StatRecord.cs,enum,StatType,PascalCase
Assets/Core/GameCoreSystems/Stats/StatRecord.cs,class,StatRecord,PascalCase
Assets/Core/GameCoreSystems/Stats/StatRecord.cs,method,StatRecord,PascalCase
Assets/Core/GameCoreSystems/Stats/StatRecord.cs,public_field,Key,PascalCase
Assets/Core/GameCoreSystems/Stats/StatRecord.cs,public_field,Value,PascalCase
Assets/Core/GameCoreSystems/Stats/StatRecord.cs,public_field,Type,PascalCase
Assets/Core/GameCoreSystems/Stats/StatRecord.cs,public_field,DisplayName,PascalCase
Assets/Core/GameCoreSystems/Audio/Config/FmodParameterPair.cs,struct,FmodParameterPair,PascalCase
Assets/Core/GameCoreSystems/Audio/Config/FmodParameterPair.cs,public_field,Name,PascalCase
Assets/Core/GameCoreSystems/Audio/Config/FmodParameterPair.cs,public_field,Value,PascalCase
Assets/Core/GameCoreSystems/Audio/Config/ManagedConfig.cs,class,ManagedConfig,PascalCase
Assets/Core/GameCoreSystems/Audio/Config/ManagedConfig.cs,public_field,StopEventType,PascalCase
Assets/Core/GameCoreSystems/Audio/Config/ManagedConfig.cs,public_field,RestartIfPlaying,PascalCase
Assets/Core/GameCoreSystems/Audio/Entry/DirectPlayManagedEntry.cs,class,DirectPlayManagedEntry,PascalCase
Assets/Core/GameCoreSystems/Audio/Entry/DirectPlayManagedEntry.cs,method,Execute,PascalCase
Assets/Core/GameCoreSystems/Audio/Entry/DirectPlayManagedEntry.cs,public_field,Managed,PascalCase
Assets/Core/GameCoreSystems/Audio/Entry/AudioParameterEntry.cs,class,AudioParameterEntry,PascalCase
Assets/Core/GameCoreSystems/Audio/Entry/AudioParameterEntry.cs,method,Execute,PascalCase
Assets/Core/GameCoreSystems/Audio/Entry/AudioParameterEntry.cs,public_field,ManagedId,PascalCase
Assets/Core/GameCoreSystems/Audio/Entry/SetParameterEntry.cs,class,SetParameterEntry,PascalCase
Assets/Core/GameCoreSystems/Audio/Entry/SetParameterEntry.cs,public_field,Parameters,PascalCase
Assets/Core/GameCoreSystems/Audio/Entry/SetParameterFromEventEntry.cs,class,SetParameterFromEventEntry,PascalCase
Assets/Core/GameCoreSystems/Audio/Entry/SetParameterFromEventEntry.cs,method,ResolveParameters,PascalCase
Assets/Core/GameCoreSystems/Audio/Entry/SetParameterFromEventEntry.cs,public_field,ParameterName,PascalCase
Assets/Core/GameCoreSystems/Audio/Entry/Audio3DAudioEntry.cs,class,Audio3DAudioEntry,PascalCase
Assets/Core/GameCoreSystems/Audio/Entry/Audio3DAudioEntry.cs,method,Execute,PascalCase
Assets/Core/GameCoreSystems/Audio/Entry/DirectPlay3DOneShotEntry.cs,class,DirectPlay3DOneShotEntry,PascalCase
Assets/Core/GameCoreSystems/Audio/Entry/DirectPlay3DOneShotEntry.cs,method,Execute,PascalCase
Assets/Core/GameCoreSystems/Audio/Entry/DirectPlayOneShotEntry.cs,class,DirectPlayOneShotEntry,PascalCase
Assets/Core/GameCoreSystems/Audio/Entry/DirectPlayOneShotEntry.cs,method,Execute,PascalCase
Assets/Core/GameCoreSystems/Audio/Entry/AudioPlayEntry.cs,class,AudioPlayEntry,PascalCase
Assets/Core/GameCoreSystems/Audio/Entry/AudioPlayEntry.cs,public_field,FmodEvent,PascalCase
Assets/Core/GameCoreSystems/Audio/Entry/AudioPlayEntry.cs,public_field,PlayMode,PascalCase
Assets/Core/GameCoreSystems/Audio/Entry/AudioPlayEntry.cs,public_field,Managed,PascalCase
Assets/Core/GameCoreSystems/Audio/Entry/DefaultAudioEntry.cs,class,DefaultAudioEntry,PascalCase
Assets/Core/GameCoreSystems/Audio/Entry/DefaultAudioEntry.cs,method,Execute,PascalCase
Assets/Core/GameCoreSystems/Audio/Entry/StringManagedAudioEntry.cs,class,StringManagedAudioEntry,PascalCase
Assets/Core/GameCoreSystems/Audio/Entry/StringManagedAudioEntry.cs,method,Execute,PascalCase
Assets/Core/GameCoreSystems/Audio/Entry/StringManagedAudioEntry.cs,method,PlayWithRetryAsync,PascalCase
Assets/Core/GameCoreSystems/Audio/Entry/StringManagedAudioEntry.cs,public_field,EventPathPrefix,PascalCase
Assets/Core/GameCoreSystems/Audio/Entry/StringManagedAudioEntry.cs,public_field,StopEventType,PascalCase
Assets/Core/GameCoreSystems/Audio/Entry/DirectSetParameterEntry.cs,class,DirectSetParameterEntry,PascalCase
Assets/Core/GameCoreSystems/Audio/Entry/DirectSetParameterEntry.cs,method,Execute,PascalCase
Assets/Core/GameCoreSystems/Audio/Entry/CustomParameterUpdateEntry.cs,class,CustomParameterUpdateEntry,PascalCase
Assets/Core/GameCoreSystems/Audio/Entry/CustomAudioEntry.cs,class,CustomAudioEntry,PascalCase
Assets/Core/GameCoreSystems/Audio/Entry/CustomAudioEntry.cs,method,Execute,PascalCase
Assets/Core/GameCoreSystems/Audio/Entry/CustomAudioEntry.cs,method,ApplyParameters,PascalCase
Assets/Core/GameCoreSystems/Audio/Entry/AudioEntry.cs,class,AudioEntry,PascalCase
Assets/Core/GameCoreSystems/Audio/Entry/AudioEntry.cs,public_field,ListenEventType,PascalCase
Assets/Core/GameCoreSystems/Audio/Entry/AudioEntry.cs,public_field,TriggerMode,PascalCase
Assets/Core/GameCoreSystems/Audio/Enums/TriggerMode.cs,enum,TriggerMode,PascalCase
Assets/Core/GameCoreSystems/Audio/Enums/AudioPlayMode.cs,enum,AudioPlayMode,PascalCase
Assets/Core/GameCoreSystems/Audio/Interfaces/IFmodPositionEvent.cs,interface,IFmodPositionEvent,PascalCase
Assets/Core/GameCoreSystems/Audio/Interfaces/IPositionEvent.cs,interface,IPositionEvent,PascalCase
Assets/Core/GameCoreSystems/Audio/Interfaces/IFmodOneShotEvent.cs,interface,IFmodOneShotEvent,PascalCase
Assets/Core/GameCoreSystems/Audio/Interfaces/IValueEvent.cs,interface,IFloatValueEvent,PascalCase
Assets/Core/GameCoreSystems/Audio/Interfaces/IValueEvent.cs,interface,IStringValueEvent,PascalCase
Assets/Core/GameCoreSystems/Audio/Interfaces/IFmodParameterEvent.cs,interface,IFmodParameterEvent,PascalCase
Assets/Core/Events/SaveSystem/SaveSystemEvents.cs,class,SaveSystemEvents,PascalCase
Assets/Core/Events/SaveSystem/SaveSystemEvents.cs,interface,ISaveEvent,PascalCase
Assets/Core/Events/SaveSystem/SaveSystemEvents.cs,struct,SavePreWriteEvent,PascalCase
Assets/Core/Events/SaveSystem/SaveSystemEvents.cs,struct,SavePostWriteEvent,PascalCase
Assets/Core/Events/SaveSystem/SaveSystemEvents.cs,struct,SavePreLoadEvent,PascalCase
Assets/Core/Events/SaveSystem/SaveSystemEvents.cs,struct,SaveOnLoadEvent,PascalCase
Assets/Core/Events/SaveSystem/SaveSystemEvents.cs,struct,SavePostLoadEvent,PascalCase
Assets/Core/Events/SaveSystem/SaveSystemEvents.cs,struct,SaveValueUpdatedEvent,PascalCase
Assets/Core/Events/SaveSystem/SaveSystemEvents.cs,struct,SaveRequestEvent,PascalCase
Assets/Core/Events/SaveSystem/SaveSystemEvents.cs,method,SavePreWriteEvent,PascalCase
Assets/Core/Events/SaveSystem/SaveSystemEvents.cs,method,SavePostWriteEvent,PascalCase
Assets/Core/Events/SaveSystem/SaveSystemEvents.cs,method,SavePreLoadEvent,PascalCase
Assets/Core/Events/SaveSystem/SaveSystemEvents.cs,method,SaveOnLoadEvent,PascalCase
Assets/Core/Events/SaveSystem/SaveSystemEvents.cs,method,SavePostLoadEvent,PascalCase
Assets/Core/Events/SaveSystem/SaveSystemEvents.cs,method,SaveValueUpdatedEvent,PascalCase
Assets/Core/Events/SaveSystem/SaveSystemEvents.cs,method,SaveRequestEvent,PascalCase
Assets/Core/Events/SaveSystem/SaveSystemEvents.cs,public_field,SlotName,PascalCase
Assets/Core/Events/SaveSystem/SaveSystemEvents.cs,public_field,IsGlobal,PascalCase
Assets/Core/Events/SaveSystem/SaveSystemEvents.cs,public_field,SlotName,PascalCase
Assets/Core/Events/SaveSystem/SaveSystemEvents.cs,public_field,IsGlobal,PascalCase
Assets/Core/Events/SaveSystem/SaveSystemEvents.cs,public_field,Success,PascalCase
Assets/Core/Events/SaveSystem/SaveSystemEvents.cs,public_field,SlotName,PascalCase
Assets/Core/Events/SaveSystem/SaveSystemEvents.cs,public_field,IsGlobal,PascalCase
Assets/Core/Events/SaveSystem/SaveSystemEvents.cs,public_field,Container,PascalCase
Assets/Core/Events/SaveSystem/SaveSystemEvents.cs,public_field,IsGlobal,PascalCase
Assets/Core/Events/SaveSystem/SaveSystemEvents.cs,public_field,SlotName,PascalCase
Assets/Core/Events/SaveSystem/SaveSystemEvents.cs,public_field,IsGlobal,PascalCase
Assets/Core/Events/SaveSystem/SaveSystemEvents.cs,public_field,Success,PascalCase
Assets/Core/Events/SaveSystem/SaveSystemEvents.cs,public_field,Key,PascalCase
Assets/Core/Events/SaveSystem/SaveSystemEvents.cs,public_field,Value,PascalCase
Assets/Core/Events/SaveSystem/SaveSystemEvents.cs,public_field,IsGlobal,PascalCase
Assets/Core/Events/SaveSystem/SaveSystemEvents.cs,public_field,SlotName,PascalCase
Assets/Core/Events/SaveSystem/SaveSystemEvents.cs,public_field,IsGlobal,PascalCase
Assets/Core/Events/ConsoleManager/VgIngameConsoleManagerEvents.cs,class,VgIngameConsoleManagerEvents,PascalCase
Assets/Core/Events/ConsoleManager/VgIngameConsoleManagerEvents.cs,struct,ConsoleVisibilityChangedEvent,PascalCase
Assets/Core/Events/ConsoleManager/VgIngameConsoleManagerEvents.cs,struct,ConsoleDisplayModeChangedEvent,PascalCase
Assets/Core/Events/GameCore/GameCoreEvents.cs,class,GameCoreEvents,PascalCase
Assets/Core/Events/GameCore/GameCoreEvents.cs,struct,LevelClearEvent,PascalCase
Assets/Core/Events/GameCore/GameCoreEvents.cs,method,LevelClearEvent,PascalCase
Assets/Core/Events/GameCore/GameCoreEvents.cs,public_field,NextSavePointName,PascalCase
Assets/Core/Events/AudioManagerHelper/AudioManagerHelperEvents.cs,class,AudioManagerHelperEvents,PascalCase
Assets/Core/Events/AudioManagerHelper/AudioManagerHelperEvents.cs,struct,PlayFmodOneShotEvent,PascalCase
Assets/Core/Events/AudioManagerHelper/AudioManagerHelperEvents.cs,struct,PlayFmodManagedEvent,PascalCase
Assets/Core/Events/AudioManagerHelper/AudioManagerHelperEvents.cs,struct,BgmSetIntensityEvent,PascalCase
Assets/Core/Events/AudioManagerHelper/AudioManagerHelperEvents.cs,struct,StopFmodManagedEvent,PascalCase
Assets/Core/Events/AudioManagerHelper/AudioManagerHelperEvents.cs,struct,SetManagedParameterEvent,PascalCase
Assets/Core/Events/AudioManagerHelper/AudioManagerHelperEvents.cs,method,PlayFmodOneShotEvent,PascalCase
Assets/Core/Events/AudioManagerHelper/AudioManagerHelperEvents.cs,method,SetManagedParameterEvent,PascalCase
Assets/Core/Events/Stats/StatsEvents.cs,class,StatsEvents,PascalCase
Assets/Core/Events/Stats/StatsEvents.cs,struct,StatChangedEvent,PascalCase
Assets/Core/Events/Stats/StatsEvents.cs,method,StatChangedEvent,PascalCase
Assets/Core/Scene/AbTile/AbTile.cs,class,AbTile,PascalCase
Assets/Core/Scene/AbTile/AbTile.cs,enum,AbOrientation,PascalCase
Assets/Core/Scene/AbTile/AbTile.cs,enum,ATileDirection,PascalCase
Assets/Core/Scene/AbTile/AbTile.cs,method,GetTileData,PascalCase
Assets/Core/Scene/AbTile/AbTile.cs,method,RefreshTile,PascalCase
Assets/Core/Scene/AbTile/AbTile.cs,method,GetDistanceFromStart,PascalCase
Assets/Core/Scene/AbTile/AbTile.cs,method,GetSearchDirection,PascalCase
Assets/Core/Scene/AbTile/AbTile.cs,method,GetNextDirection,PascalCase
Assets/Core/Scene/AbTile/AbTile.cs,method,CreateAbTile,PascalCase
Assets/Core/Scene/AbTile/AbTile.cs,public_field,spriteA,camelCase
Assets/Core/Scene/AbTile/AbTile.cs,public_field,spriteB,camelCase
Assets/Core/Scene/AbTile/AbTile.cs,public_field,abOrientation,camelCase
Assets/Core/Scene/AbTile/AbTile.cs,public_field,aTileDirection,camelCase
Assets/Core/Command/Addressable/AddressableCommands.cs,class,AddressableCommands,PascalCase
Assets/Core/Command/Addressable/AddressableCommands.cs,class,PrintAddressableInfoCommand,PascalCase
Assets/Core/Command/Addressable/AddressableCommands.cs,class,LoadAddressableCommand,PascalCase
Assets/Core/Command/Addressable/AddressableCommands.cs,method,Execute,PascalCase
Assets/Core/Command/Addressable/AddressableCommands.cs,method,LoadAddressableCommand,PascalCase
Assets/Core/Command/Addressable/AddressableCommands.cs,method,ExecuteAsync,PascalCase
Assets/Core/Command/Addressable/AddressableCommands.cs,method,Execute,PascalCase
Assets/Core/Command/Addressable/AddressableCommands.cs,private_field,m_Address,m_prefix
Assets/Core/Command/AudioManagerHelper/AudioManagerHelperCommands.cs,class,AudioManagerHelperCommands,PascalCase
Assets/Core/Command/AudioManagerHelper/AudioManagerHelperCommands.cs,class,PlayFmodOneShotCommand,PascalCase
Assets/Core/Command/AudioManagerHelper/AudioManagerHelperCommands.cs,class,PlayBgmCommand,PascalCase
Assets/Core/Command/AudioManagerHelper/AudioManagerHelperCommands.cs,class,StopBgmCommand,PascalCase
Assets/Core/Command/AudioManagerHelper/AudioManagerHelperCommands.cs,class,SetBgmIntensityCommand,PascalCase
Assets/Core/Command/AudioManagerHelper/AudioManagerHelperCommands.cs,method,PlayFmodOneShotCommand,PascalCase
Assets/Core/Command/AudioManagerHelper/AudioManagerHelperCommands.cs,method,Execute,PascalCase
Assets/Core/Command/AudioManagerHelper/AudioManagerHelperCommands.cs,method,PlayBgmCommand,PascalCase
Assets/Core/Command/AudioManagerHelper/AudioManagerHelperCommands.cs,method,Execute,PascalCase
Assets/Core/Command/AudioManagerHelper/AudioManagerHelperCommands.cs,method,StopBgmCommand,PascalCase
Assets/Core/Command/AudioManagerHelper/AudioManagerHelperCommands.cs,method,Execute,PascalCase
Assets/Core/Command/AudioManagerHelper/AudioManagerHelperCommands.cs,method,SetBgmIntensityCommand,PascalCase
Assets/Core/Command/AudioManagerHelper/AudioManagerHelperCommands.cs,method,Execute,PascalCase
Assets/Core/Command/GameObject/GameObjectCommands.cs,class,GameObjectCommands,PascalCase
Assets/Core/Command/GameObject/GameObjectCommands.cs,class,InstantiateGoCommand,PascalCase
Assets/Core/Command/GameObject/GameObjectCommands.cs,method,InstantiateGoCommand,PascalCase
Assets/Core/Command/GameObject/GameObjectCommands.cs,method,InstantiateGoCommand,PascalCase
Assets/Core/Command/GameObject/GameObjectCommands.cs,method,InstantiateGoCommand,PascalCase
Assets/Core/Command/GameObject/GameObjectCommands.cs,method,InstantiateGoCommand,PascalCase
Assets/Core/Command/GameObject/GameObjectCommands.cs,method,Execute,PascalCase
Assets/Core/Command/GameObject/GameObjectCommands.cs,method,Undo,PascalCase
Assets/Core/Command/GameObject/GameObjectCommands.cs,private_field,m_Prefab,m_prefix
Assets/Core/Command/GameObject/GameObjectCommands.cs,private_field,m_Position,m_prefix
Assets/Core/Command/GameObject/GameObjectCommands.cs,private_field,m_Rotation,m_prefix
Assets/Core/Command/GameObject/GameObjectCommands.cs,private_field,m_Scale,m_prefix
Assets/Core/Command/GameObject/GameObjectCommands.cs,private_field,m_Instance,m_prefix
Assets/Core/Common/StateMachine/StateMachine.cs,enum,StateTransition,PascalCase
Assets/Core/Common/StateMachine/StateMachine.cs,interface,IStateMachine,PascalCase
Assets/Core/Common/StateMachine/StateMachine.cs,class,StateMachine,PascalCase
Assets/Core/Common/StateMachine/StateMachine.cs,class,StateMachine,PascalCase
Assets/Core/Common/StateMachine/StateMachine.cs,method,StateMachine,PascalCase
Assets/Core/Common/StateMachine/StateMachine.cs,method,StateMachine,PascalCase
Assets/Core/Common/StateMachine/StateMachine.cs,method,GetFilteredFields,PascalCase
Assets/Core/Common/StateMachine/StateMachine.cs,method,CreateDriver,PascalCase
Assets/Core/Common/StateMachine/StateMachine.cs,method,ParseName,PascalCase
Assets/Core/Common/StateMachine/StateMachine.cs,method,BindEvents,PascalCase
Assets/Core/Common/StateMachine/StateMachine.cs,method,BindEventsInternal,PascalCase
Assets/Core/Common/StateMachine/StateMachine.cs,method,GetActionType,PascalCase
Assets/Core/Common/StateMachine/StateMachine.cs,method,ChangeState,PascalCase
Assets/Core/Common/StateMachine/StateMachine.cs,method,ChangeState,PascalCase
Assets/Core/Common/StateMachine/StateMachine.cs,method,ChangeToNewStateRoutine,PascalCase
Assets/Core/Common/StateMachine/StateMachine.cs,method,WaitForPreviousTransition,PascalCase
Assets/Core/Common/StateMachine/StateMachine.cs,method,GetState,PascalCase
Assets/Core/Common/StateMachine/StateMachine.cs,method,GetStateInt,PascalCase
Assets/Core/Common/StateMachine/StateMachine.cs,method,Identity,PascalCase
Assets/Core/Common/StateMachine/StateMachine.cs,method,IsDispatchAllowed,PascalCase
Assets/Core/Common/StateMachine/StateMachine.cs,method,Initialize,PascalCase
Assets/Core/Common/StateMachine/StateMachine.cs,method,Initialize,PascalCase
Assets/Core/Common/StateMachine/StateMachine.cs,private_field,component,camelCase
Assets/Core/Common/StateMachine/StateMachine.cs,private_field,rootDriver,camelCase
Assets/Core/Common/StateMachine/StateMachine.cs,private_field,isInTransition,camelCase
Assets/Core/Common/StateMachine/StateMachine.cs,private_field,currentTransition,camelCase
Assets/Core/Common/StateMachine/StateMachine.cs,private_field,exitRoutine,camelCase
Assets/Core/Common/StateMachine/StateMachine.cs,private_field,enterRoutine,camelCase
Assets/Core/Common/StateMachine/StateMachine.cs,private_field,queuedChange,camelCase
Assets/Core/Common/StateMachine/StateMachine.cs,public_field,reenter,camelCase
Assets/Core/Common/StateMachine/StateMachineRunner.cs,class,StateMachineRunner,PascalCase
Assets/Core/Common/StateMachine/StateMachineRunner.cs,method,FixedUpdate,PascalCase
Assets/Core/Common/StateMachine/StateMachineRunner.cs,method,Update,PascalCase
Assets/Core/Common/StateMachine/StateMachineRunner.cs,method,LateUpdate,PascalCase
Assets/Core/Common/StateMachine/StateMachineRunner.cs,method,DoNothing,PascalCase
Assets/Core/Common/StateMachine/StateMachineRunner.cs,method,DoNothingCoroutine,PascalCase
Assets/Core/Common/StateMachine/StateMachineRunner.cs,private_field,stateMachineList,camelCase
Assets/Core/Common/StateMachine/StateMapping.cs,class,StateMapping,PascalCase
Assets/Core/Common/StateMachine/StateMapping.cs,method,StateMapping,PascalCase
Assets/Core/Common/StateMachine/StateMapping.cs,private_field,stateProviderCallback,camelCase
Assets/Core/Common/StateMachine/StateMapping.cs,public_field,state,camelCase
Assets/Core/Common/StateMachine/StateMapping.cs,public_field,hasEnterRoutine,camelCase
Assets/Core/Common/StateMachine/StateMapping.cs,public_field,EnterCall,PascalCase
Assets/Core/Common/StateMachine/StateMapping.cs,public_field,EnterRoutine,PascalCase
Assets/Core/Common/StateMachine/StateMapping.cs,public_field,hasExitRoutine,camelCase
Assets/Core/Common/StateMachine/StateMapping.cs,public_field,ExitCall,PascalCase
Assets/Core/Common/StateMachine/StateMapping.cs,public_field,ExitRoutine,PascalCase
Assets/Core/Common/StateMachine/StateMapping.cs,public_field,Finally,PascalCase
Assets/Core/Common/SerializedScriptableObject/VgSerializedScriptableObject.cs,class,VgSerializedScriptableObject,PascalCase
Assets/Core/Common/SerializedScriptableObject/VgSerializedScriptableObject.cs,private_field,serializationData,camelCase
Assets/Core/Common/StateMachine/Drivers/StateDriverRunner.cs,class,StateDriverRunner,PascalCase
Assets/Core/Common/StateMachine/Drivers/StateDriverRunner.cs,public_field,FixedUpdate,PascalCase
Assets/Core/Common/StateMachine/Drivers/StateDriverRunner.cs,public_field,Update,PascalCase
Assets/Core/Common/StateMachine/Drivers/StateDriverRunner.cs,public_field,LateUpdate,PascalCase
Assets/Core/Common/StateMachine/Drivers/StateDriverUnity.cs,class,StateDriverUnity,PascalCase
Assets/Core/Common/StateMachine/Drivers/StateDriverUnity.cs,public_field,Awake,PascalCase
Assets/Core/Common/StateMachine/Drivers/StateDriverUnity.cs,public_field,LateUpdate,PascalCase
Assets/Core/Common/StateMachine/Drivers/StateDriverUnity.cs,public_field,OnAnimatorIK,PascalCase
Assets/Core/Common/StateMachine/Drivers/StateDriverUnity.cs,public_field,OnAnimatorMove,PascalCase
Assets/Core/Common/StateMachine/Drivers/StateDriverUnity.cs,public_field,OnApplicationFocus,PascalCase
Assets/Core/Common/StateMachine/Drivers/StateDriverUnity.cs,public_field,OnApplicationPause,PascalCase
Assets/Core/Common/StateMachine/Drivers/StateDriverUnity.cs,public_field,OnApplicationQuit,PascalCase
Assets/Core/Common/StateMachine/Drivers/StateDriverUnity.cs,public_field,OnBecameInvisible,PascalCase
Assets/Core/Common/StateMachine/Drivers/StateDriverUnity.cs,public_field,OnBecameVisible,PascalCase
Assets/Core/Common/StateMachine/Drivers/StateDriverUnity.cs,public_field,OnCollisionEnter,PascalCase
Assets/Core/Common/StateMachine/Drivers/StateDriverUnity.cs,public_field,OnCollisionEnter2D,PascalCase
Assets/Core/Common/StateMachine/Drivers/StateDriverUnity.cs,public_field,OnCollisionExit,PascalCase
Assets/Core/Common/StateMachine/Drivers/StateDriverUnity.cs,public_field,OnCollisionExit2D,PascalCase
Assets/Core/Common/StateMachine/Drivers/StateDriverUnity.cs,public_field,OnCollisionStay,PascalCase
Assets/Core/Common/StateMachine/Drivers/StateDriverUnity.cs,public_field,OnCollisionStay2D,PascalCase
Assets/Core/Common/StateMachine/Drivers/StateDriverUnity.cs,public_field,OnConnectedToServer,PascalCase
Assets/Core/Common/StateMachine/Drivers/StateDriverUnity.cs,public_field,OnControllerColliderHit,PascalCase
Assets/Core/Common/StateMachine/Drivers/StateDriverUnity.cs,public_field,OnDestroy,PascalCase
Assets/Core/Common/StateMachine/Drivers/StateDriverUnity.cs,public_field,OnDisable,PascalCase
Assets/Core/Common/StateMachine/Drivers/StateDriverUnity.cs,public_field,OnDrawGizmos,PascalCase
Assets/Core/Common/StateMachine/Drivers/StateDriverUnity.cs,public_field,OnDrawGizmosSelected,PascalCase
Assets/Core/Common/StateMachine/Drivers/StateDriverUnity.cs,public_field,OnEnable,PascalCase
Assets/Core/Common/StateMachine/Drivers/StateDriverUnity.cs,public_field,OnGUI,PascalCase
Assets/Core/Common/StateMachine/Drivers/StateDriverUnity.cs,public_field,OnJointBreak,PascalCase
Assets/Core/Common/StateMachine/Drivers/StateDriverUnity.cs,public_field,OnJointBreak2D,PascalCase
Assets/Core/Common/StateMachine/Drivers/StateDriverUnity.cs,public_field,OnMouseDown,PascalCase
Assets/Core/Common/StateMachine/Drivers/StateDriverUnity.cs,public_field,OnMouseDrag,PascalCase
Assets/Core/Common/StateMachine/Drivers/StateDriverUnity.cs,public_field,OnMouseEnter,PascalCase
Assets/Core/Common/StateMachine/Drivers/StateDriverUnity.cs,public_field,OnMouseExit,PascalCase
Assets/Core/Common/StateMachine/Drivers/StateDriverUnity.cs,public_field,OnMouseOver,PascalCase
Assets/Core/Common/StateMachine/Drivers/StateDriverUnity.cs,public_field,OnMouseUp,PascalCase
Assets/Core/Common/StateMachine/Drivers/StateDriverUnity.cs,public_field,OnMouseUpAsButton,PascalCase
Assets/Core/Common/StateMachine/Drivers/StateDriverUnity.cs,public_field,OnParticleCollision,PascalCase
Assets/Core/Common/StateMachine/Drivers/StateDriverUnity.cs,public_field,OnParticleSystemStopped,PascalCase
Assets/Core/Common/StateMachine/Drivers/StateDriverUnity.cs,public_field,OnParticleTrigger,PascalCase
Assets/Core/Common/StateMachine/Drivers/StateDriverUnity.cs,public_field,OnPostRender,PascalCase
Assets/Core/Common/StateMachine/Drivers/StateDriverUnity.cs,public_field,OnPreCull,PascalCase
Assets/Core/Common/StateMachine/Drivers/StateDriverUnity.cs,public_field,OnRenderObject,PascalCase
Assets/Core/Common/StateMachine/Drivers/StateDriverUnity.cs,public_field,OnTransformChildrenChanged,PascalCase
Assets/Core/Common/StateMachine/Drivers/StateDriverUnity.cs,public_field,OnTransformParentChanged,PascalCase
Assets/Core/Common/StateMachine/Drivers/StateDriverUnity.cs,public_field,OnTriggerEnter,PascalCase
Assets/Core/Common/StateMachine/Drivers/StateDriverUnity.cs,public_field,OnTriggerEnter2D,PascalCase
Assets/Core/Common/StateMachine/Drivers/StateDriverUnity.cs,public_field,OnTriggerExit,PascalCase
Assets/Core/Common/StateMachine/Drivers/StateDriverUnity.cs,public_field,OnTriggerExit2D,PascalCase
Assets/Core/Common/StateMachine/Drivers/StateDriverUnity.cs,public_field,OnTriggerStay,PascalCase
Assets/Core/Common/StateMachine/Drivers/StateDriverUnity.cs,public_field,OnTriggerStay2D,PascalCase
Assets/Core/Common/StateMachine/Drivers/StateDriverUnity.cs,public_field,OnValidate,PascalCase
Assets/Core/Common/StateMachine/Drivers/StateDriverUnity.cs,public_field,OnWillRenderOjbect,PascalCase
Assets/Core/Common/StateMachine/Drivers/StateDriverUnity.cs,public_field,Reset,PascalCase
Assets/Core/Common/StateMachine/Drivers/StateDriverUnity.cs,public_field,Start,PascalCase
Assets/Core/Common/StateMachine/Drivers/StateDriverUnity.cs,public_field,Update,PascalCase
Assets/Core/Common/StateMachine/Events/StateEvent.cs,class,StateEvent,PascalCase
Assets/Core/Common/StateMachine/Events/StateEvent.cs,class,StateEvent,PascalCase
Assets/Core/Common/StateMachine/Events/StateEvent.cs,class,StateEvent,PascalCase
Assets/Core/Common/StateMachine/Events/StateEvent.cs,method,StateEvent,PascalCase
Assets/Core/Common/StateMachine/Events/StateEvent.cs,method,AddListener,PascalCase
Assets/Core/Common/StateMachine/Events/StateEvent.cs,method,Invoke,PascalCase
Assets/Core/Common/StateMachine/Events/StateEvent.cs,method,StateEvent,PascalCase
Assets/Core/Common/StateMachine/Events/StateEvent.cs,method,AddListener,PascalCase
Assets/Core/Common/StateMachine/Events/StateEvent.cs,method,Invoke,PascalCase
Assets/Core/Common/StateMachine/Events/StateEvent.cs,method,StateEvent,PascalCase
Assets/Core/Common/StateMachine/Events/StateEvent.cs,method,AddListener,PascalCase
Assets/Core/Common/StateMachine/Events/StateEvent.cs,method,Invoke,PascalCase
Assets/Core/Common/StateMachine/Events/StateEvent.cs,private_field,getStateInt,camelCase
Assets/Core/Common/StateMachine/Events/StateEvent.cs,private_field,isInvokeAllowed,camelCase
Assets/Core/Common/StateMachine/Events/StateEvent.cs,private_field,routingTable,camelCase
Assets/Core/Common/StateMachine/Events/StateEvent.cs,private_field,getStateInt,camelCase
Assets/Core/Common/StateMachine/Events/StateEvent.cs,private_field,isInvokeAllowed,camelCase
Assets/Core/Common/StateMachine/Events/StateEvent.cs,private_field,routingTable,camelCase
Assets/Core/Common/StateMachine/Events/StateEvent.cs,private_field,getStateInt,camelCase
Assets/Core/Common/StateMachine/Events/StateEvent.cs,private_field,isInvokeAllowed,camelCase
Assets/Core/CoreModule/GlobalConfiguration/GlobalConfigurationManager.cs,class,GlobalConfigurationManager,PascalCase
Assets/Core/CoreModule/GlobalConfiguration/GlobalConfigurationManager.cs,method,Start,PascalCase
Assets/Core/CoreModule/GlobalConfiguration/GlobalConfigurationManager.cs,method,Update,PascalCase
Assets/Core/CoreModule/ObjectPool/VgObjectPoolManager.cs,class,VgObjectPoolManager,PascalCase
Assets/Core/CoreModule/Game/GameMonoModule.cs,class,GameModuleManagerBase,PascalCase
Assets/Core/CoreModule/Game/GameSystemManager.cs,class,GameSystemManager,PascalCase
Assets/Core/CoreModule/PostProcessing/VgPostProcessingManager.cs,class,VgPostProcessingManager,PascalCase
Assets/Core/CoreModule/PostProcessing/VgPostProcessingManager.cs,method,Start,PascalCase
Assets/Core/CoreModule/PostProcessing/VgPostProcessingManager.cs,method,Update,PascalCase
Assets/Core/CoreModule/Localization/VgLocalizationManager.cs,class,VgLocalizationManager,PascalCase
Assets/Core/CoreModule/Console/VgIngameConsoleManager.cs,enum,ConsoleDisplayMode,PascalCase
Assets/Core/CoreModule/Console/VgIngameConsoleManager.cs,class,VgIngameConsoleManager,PascalCase
Assets/Core/CoreModule/Console/VgIngameConsoleManager.cs,enum,DirectionKey,PascalCase
Assets/Core/CoreModule/Console/VgIngameConsoleManager.cs,method,RegisterHooks,PascalCase
Assets/Core/CoreModule/Console/VgIngameConsoleManager.cs,method,ShowConsole,PascalCase
Assets/Core/CoreModule/Console/VgIngameConsoleManager.cs,method,HideConsole,PascalCase
Assets/Core/CoreModule/Console/VgIngameConsoleManager.cs,method,SetDisplayMode,PascalCase
Assets/Core/CoreModule/Console/VgIngameConsoleManager.cs,method,SetConsoleModeCommand,PascalCase
Assets/Core/CoreModule/Console/VgIngameConsoleManager.cs,method,InitConsole,PascalCase
Assets/Core/CoreModule/Console/VgIngameConsoleManager.cs,method,Tick,PascalCase
Assets/Core/CoreModule/Console/VgIngameConsoleManager.cs,method,TickSequenceDetection,PascalCase
Assets/Core/CoreModule/Console/VgIngameConsoleManager.cs,method,TickEsc,PascalCase
Assets/Core/CoreModule/Console/VgIngameConsoleManager.cs,method,TickTabCycle,PascalCase
Assets/Core/CoreModule/Console/VgIngameConsoleManager.cs,method,CycleDisplayMode,PascalCase
Assets/Core/CoreModule/Console/VgIngameConsoleManager.cs,private_field,m_DebugLogManager,m_prefix
Assets/Core/CoreModule/Console/VgIngameConsoleManager.cs,private_field,m_LogWindowTR,m_prefix
Assets/Core/CoreModule/Console/VgIngameConsoleManager.cs,private_field,m_CurrentMode,m_prefix
Assets/Core/CoreModule/Console/VgIngameConsoleManager.cs,private_field,m_IsVisible,m_prefix
Assets/Core/CoreModule/Console/VgIngameConsoleManager.cs,private_field,m_SequenceIndex,m_prefix
Assets/Core/CoreModule/Console/VgIngameConsoleManager.cs,private_field,m_LastInputTime,m_prefix
Assets/Core/CoreModule/Console/VgIngameConsoleManager.cs,public_field,SystemName,PascalCase
Assets/Core/CoreModule/Console/VgIngameConsoleManager.cs,public_field,Dependencies,PascalCase
Assets/Core/Exceptions/Load/LoadFailedException.cs,class,LoadFailedException,PascalCase
Assets/Core/Exceptions/Load/LoadFailedException.cs,method,LoadFailedException,PascalCase
Assets/Core/Exceptions/Load/LoadFailedException.cs,method,LoadFailedException,PascalCase
Assets/Core/Exceptions/Load/LoadFailedException.cs,method,LoadFailedException,PascalCase
Assets/Core/Exceptions/CoreModuleException/CoreModuleException.cs,class,CoreModuleException,PascalCase
Assets/Core/Exceptions/CoreModuleException/CoreModuleException.cs,method,CoreModuleException,PascalCase
Assets/Core/Exceptions/CoreModuleException/CoreModuleException.cs,method,CoreModuleException,PascalCase
Assets/Core/Exceptions/CoreModuleException/CoreModuleException.cs,method,CoreModuleException,PascalCase
Assets/Core/Exceptions/Command/CommandExcuteFailedException.cs,class,CommandExcuteFailedException,PascalCase
Assets/Core/Exceptions/Command/CommandExcuteFailedException.cs,method,CommandExcuteFailedException,PascalCase
Assets/Core/Exceptions/Command/CommandExcuteFailedException.cs,method,CommandExcuteFailedException,PascalCase
Assets/Core/Exceptions/Command/CommandExcuteFailedException.cs,method,CommandExcuteFailedException,PascalCase
Assets/Core/GameCore/GameFlow/GameFlowTrigger.cs,enum,GameFlowTrigger,PascalCase
Assets/Core/GameCore/GameFlow/LoadContext.cs,struct,LoadContext,PascalCase
Assets/Core/GameCore/GameFlow/LoadContext.cs,method,LoadContext,PascalCase
Assets/Core/GameCore/GameFlow/IGameFlowCommand.cs,interface,IGameFlowCommand,PascalCase
Assets/Core/GameCore/GameFlow/GameFlowState.cs,enum,GameFlowState,PascalCase
Assets/Core/GameCore/Registry/CoreSystemRegistry.cs,class,CoreSystemRegistry,PascalCase
Assets/Core/GameCore/Registry/CoreSystemRegistry.cs,method,Register,PascalCase
Assets/Core/GameCore/Registry/CoreSystemRegistry.cs,method,InitializeAllAsync,PascalCase
Assets/Core/GameCore/Registry/CoreSystemRegistry.cs,method,FireOnBootStart,PascalCase
Assets/Core/GameCore/Registry/CoreSystemRegistry.cs,method,FireOnUpdate,PascalCase
Assets/Core/GameCore/Registry/CoreSystemRegistry.cs,method,FireAll,PascalCase
Assets/Core/GameCore/Registry/CoreSystemRegistry.cs,method,FireAll,PascalCase
Assets/Core/GameCore/Registry/CoreSystemRegistry.cs,method,GetSortedSystems,PascalCase
Assets/Core/GameCore/Registry/CoreSystemRegistry.cs,private_field,m_CurrentRegisteringSystemType,m_prefix
Assets/Core/GameCore/Registry/IGameCoreHookRegistry.cs,interface,IGameCoreHookRegistry,PascalCase
Assets/Core/GameCore/GameFlow/Steps/ShowLogoStep.cs,class,ShowLogoStep,PascalCase
Assets/Core/GameCore/GameFlow/Steps/ShowLogoStep.cs,method,Execute,PascalCase
Assets/Core/GameCore/GameFlow/Steps/LoadMainMenuSceneStep.cs,class,LoadMainMenuSceneStep,PascalCase
Assets/Core/GameCore/GameFlow/Steps/LoadMainMenuSceneStep.cs,method,Execute,PascalCase
